"Date/Time","Year","Month","Day","Time","Data Quality","Temp","Temp Flag","Dew Point Temp (°C)","Dew Point Temp Flag","Rel Hum (%)","Rel Hum Flag","Wind Dir (10s deg)","Wind Dir Flag","Wind Spd (km/h)","Wind Spd Flag","Visibility (km)","Visibility Flag","Stn Press (kPa)","Stn Press Flag","Hmdx","Hmdx Flag","Wind Chill","Wind Chill Flag","Weather"
"2012-02-01 00:00","2012","02","01","00:00"," ","-9.5","","-9.8","","98","","19","","4","","0.8","","98.36","","","","-12","","Freezing Fog"
"2012-02-01 01:00","2012","02","01","01:00"," ","-10.1","","-10.8","","95","","17","","7","","0.8","","98.39","","","","-14","","Freezing Fog"
"2012-02-01 02:00","2012","02","01","02:00"," ","-10.5","","-11.1","","95","","","","0","","0.8","","98.44","","","","","","Freezing Fog"
"2012-02-01 03:00","2012","02","01","03:00"," ","-10.1","","-10.5","","97","","19","","4","","0.8","","98.46","","","","-12","","Freezing Fog"
"2012-02-01 04:00","2012","02","01","04:00"," ","-9.7","","-10.2","","96","","16","","4","","0.4","","98.45","","","","-12","","Freezing Fog"
"2012-02-01 05:00","2012","02","01","05:00"," ","-9.7","","-10.1","","97","","17","","7","","0.4","","98.46","","","","-14","","Freezing Fog"
"2012-02-01 06:00","2012","02","01","06:00"," ","-9.8","","-10.4","","95","","16","","13","","0.8","","98.46","","","","-16","","Freezing Fog"
"2012-02-01 07:00","2012","02","01","07:00"," ","-9.2","","-9.9","","95","","15","","9","","1.0","","98.51","","","","-14","","Fog"
"2012-02-01 08:00","2012","02","01","08:00"," ","-8.5","","-9.0","","96","","16","","9","","3.2","","98.53","","","","-13","","Fog"
"2012-02-01 09:00","2012","02","01","09:00"," ","-7.3","","-7.7","","97","","15","","11","","4.8","","98.49","","","","-12","","Fog"
"2012-02-01 10:00","2012","02","01","10:00"," ","-6.2","","-6.6","","97","","14","","11","","9.7","","98.48","","","","-11","","Fog"
"2012-02-01 11:00","2012","02","01","11:00"," ","-4.8","","-4.9","","99","","16","","13","","19.3","","98.52","","","","-10","","Mainly Clear"
"2012-02-01 12:00","2012","02","01","12:00"," ","-3.6","","-3.6","","100","","16","","9","","24.1","","98.52","","","","-7","","Mainly Clear"
"2012-02-01 13:00","2012","02","01","13:00"," ","-2.9","","-3.0","","99","","14","","4","","19.3","","98.50","","","","-4","","Mostly Cloudy"
"2012-02-01 14:00","2012","02","01","14:00"," ","-2.7","","-2.7","","100","","15","","9","","19.3","","98.50","","","","-6","","Mostly Cloudy"
"2012-02-01 15:00","2012","02","01","15:00"," ","-2.1","","-2.1","","100","","16","","9","","19.3","","98.53","","","","-6","","Mostly Cloudy"
"2012-02-01 16:00","2012","02","01","16:00"," ","-2.1","","-2.2","","99","","18","","6","","19.3","","98.59","","","","-4","","Cloudy"
"2012-02-01 17:00","2012","02","01","17:00"," ","-3.2","","-3.7","","96","","32","","15","","16.1","","98.70","","","","-8","","Cloudy"
"2012-02-01 18:00","2012","02","01","18:00"," ","-4.2","","-4.6","","97","","36","","4","","16.1","","98.69","","","","-6","","Cloudy"
"2012-02-01 19:00","2012","02","01","19:00"," ","-4.0","","-4.4","","97","","22","","4","","16.1","","98.74","","","","-6","","Cloudy"
"2012-02-01 20:00","2012","02","01","20:00"," ","-3.3","","-3.5","","99","","29","","6","","6.4","","98.83","","","","-6","","Fog"
"2012-02-01 21:00","2012","02","01","21:00"," ","-3.5","","-3.5","","100","","25","","7","","0.2","","98.87","","","","-6","","Freezing Fog"
"2012-02-01 22:00","2012","02","01","22:00"," ","-4.1","","-4.1","","100","","22","","6","","0.2","","98.90","","","","-7","","Freezing Fog"
"2012-02-01 23:00","2012","02","01","23:00"," ","-5.5","","-5.7","","98","","27","","6","","0.2","","99.00","","","","-8","","Freezing Fog"
"2012-02-02 00:00","2012","02","02","00:00"," ","-8.0","","-8.1","","99","","","","0","","0.4","","99.03","","","","","","Freezing Fog"
"2012-02-02 01:00","2012","02","02","01:00"," ","-10.0","","-10.2","","98","","","","0","","0.4","","99.09","","","","","","Freezing Fog"
"2012-02-02 02:00","2012","02","02","02:00"," ","-11.1","","-11.5","","97","","17","","6","","3.2","","99.11","","","","-15","","Fog"
"2012-02-02 03:00","2012","02","02","03:00"," ","-10.1","","-10.5","","97","","22","","9","","3.2","","99.17","","","","-15","","Fog"
"2012-02-02 04:00","2012","02","02","04:00"," ","-9.6","","-10.2","","95","","20","","9","","9.7","","99.21","","","","-14","","Fog"
"2012-02-02 05:00","2012","02","02","05:00"," ","-10.4","","-11.1","","95","","20","","7","","1.2","","99.27","","","","-14","","Fog"
"2012-02-02 06:00","2012","02","02","06:00"," ","-10.5","","-11.0","","96","","18","","7","","0.8","","99.31","","","","-15","","Freezing Fog"
"2012-02-02 07:00","2012","02","02","07:00"," ","-11.9","","-12.8","","93","","17","","9","","4.0","","99.37","","","","-17","","Fog"
"2012-02-02 08:00","2012","02","02","08:00"," ","","","","","","","","","","","","","","","","","","",""
"2012-02-02 09:00","2012","02","02","09:00"," ","-11.0","","-11.5","","96","","19","","7","","0.6","","99.48","","","","-15","","Freezing Fog"
"2012-02-02 10:00","2012","02","02","10:00"," ","-9.8","","-10.2","","97","","20","","6","","1.2","","99.54","","","","-13","","Fog"
"2012-02-02 11:00","2012","02","02","11:00"," ","-9.2","","-9.8","","95","","16","","6","","6.4","","99.61","","","","-13","","Fog"
"2012-02-02 12:00","2012","02","02","12:00"," ","-7.8","","-8.1","","98","","16","","6","","6.4","","99.65","","","","-11","","Fog"
"2012-02-02 13:00","2012","02","02","13:00"," ","-6.1","","-6.5","","97","","14","","6","","9.7","","99.66","","","","-9","","Fog"
"2012-02-02 14:00","2012","02","02","14:00"," ","-5.1","","-5.5","","97","","15","","6","","12.9","","99.69","","","","-8","","Mostly Cloudy"
"2012-02-02 15:00","2012","02","02","15:00"," ","-4.8","","-5.1","","98","","18","","7","","12.9","","99.72","","","","-8","","Mostly Cloudy"
"2012-02-02 16:00","2012","02","02","16:00"," ","-5.2","","-5.6","","97","","","","0","","12.9","","99.76","","","","","","Mostly Cloudy"
"2012-02-02 17:00","2012","02","02","17:00"," ","-5.3","","-5.8","","96","","18","","11","","9.7","","99.78","","","","-10","","Fog"
"2012-02-02 18:00","2012","02","02","18:00"," ","-9.1","","-9.8","","95","","2","","7","","9.7","","99.87","","","","-13","","Fog"
"2012-02-02 19:00","2012","02","02","19:00"," ","-10.8","","-11.5","","95","","","","0","","9.7","","99.94","","","","","","Fog"
"2012-02-02 20:00","2012","02","02","20:00"," ","-11.6","","-12.2","","95","","","","0","","8.0","","99.98","","","","","","Fog"
"2012-02-02 21:00","2012","02","02","21:00"," ","-11.4","","-11.8","","97","","","","0","","6.4","","99.99","","","","","","Fog"
"2012-02-02 22:00","2012","02","02","22:00"," ","-12.8","","-13.5","","94","","","","0","","6.4","","100.06","","","","","","Fog"
"2012-02-02 23:00","2012","02","02","23:00"," ","-14.2","","-14.9","","94","","6","","4","","9.7","","100.09","","","","-17","","Fog"
"2012-02-03 00:00","2012","02","03","00:00"," ","-14.2","","-14.8","","95","","1","","7","","1.2","","100.20","","","","-19","","Fog"
"2012-02-03 01:00","2012","02","03","01:00"," ","-11.8","","-12.4","","95","","6","","4","","6.4","","100.23","","","","-14","","Fog"
"2012-02-03 02:00","2012","02","03","02:00"," ","-10.8","","-11.6","","94","","20","","4","","0.2","","100.25","","","","-13","","Freezing Fog"
"2012-02-03 03:00","2012","02","03","03:00"," ","-8.2","","-8.6","","97","","20","","7","","0.4","","100.30","","","","-12","","Freezing Fog"
"2012-02-03 04:00","2012","02","03","04:00"," ","-8.3","","-8.8","","96","","21","","9","","0.4","","100.29","","","","-13","","Freezing Fog"
"2012-02-03 05:00","2012","02","03","05:00"," ","-8.8","","-9.4","","95","","26","","4","","0.4","","100.34","","","","-11","","Freezing Fog"
"2012-02-03 06:00","2012","02","03","06:00"," ","-9.5","","-10.0","","96","","30","","4","","0.4","","100.37","","","","-12","","Freezing Fog"
"2012-02-03 07:00","2012","02","03","07:00"," ","-9.7","","-10.2","","96","","29","","4","","0.4","","100.40","","","","-12","","Freezing Fog"
"2012-02-03 08:00","2012","02","03","08:00"," ","-9.6","","-10.2","","95","","19","","4","","0.6","","100.41","","","","-12","","Freezing Fog"
"2012-02-03 09:00","2012","02","03","09:00"," ","-8.8","","-9.3","","96","","17","","6","","0.4","","100.47","","","","-12","","Freezing Fog"
"2012-02-03 10:00","2012","02","03","10:00"," ","-8.1","","-8.5","","97","","18","","7","","0.6","","100.45","","","","-12","","Freezing Fog"
"2012-02-03 11:00","2012","02","03","11:00"," ","-7.5","","-7.7","","98","","20","","9","","0.6","","100.44","","","","-12","","Freezing Fog"
"2012-02-03 12:00","2012","02","03","12:00"," ","-7.2","","-7.5","","98","","18","","11","","1.0","","100.43","","","","-12","","Fog"
"2012-02-03 13:00","2012","02","03","13:00"," ","-6.9","","-7.0","","99","","19","","9","","1.2","","100.42","","","","-11","","Fog"
"2012-02-03 14:00","2012","02","03","14:00"," ","-6.2","","-6.5","","98","","18","","9","","0.8","","100.37","","","","-10","","Freezing Fog"
"2012-02-03 15:00","2012","02","03","15:00"," ","-5.2","","-5.4","","98","","19","","11","","1.2","","100.31","","","","-10","","Fog"
"2012-02-03 16:00","2012","02","03","16:00"," ","-4.6","","-4.9","","98","","14","","4","","0.6","","100.32","","","","-6","","Freezing Fog"
"2012-02-03 17:00","2012","02","03","17:00"," ","-5.0","","-5.3","","98","","17","","9","","0.6","","100.29","","","","-9","","Freezing Fog"
"2012-02-03 18:00","2012","02","03","18:00"," ","-6.4","","-6.8","","97","","18","","11","","0.8","","100.24","","","","-11","","Freezing Fog"
"2012-02-03 19:00","2012","02","03","19:00"," ","-8.8","","-9.5","","95","","18","","6","","8.0","","100.19","","","","-12","","Fog"
"2012-02-03 20:00","2012","02","03","20:00"," ","-7.7","","-8.3","","95","","19","","13","","8.0","","100.17","","","","-13","","Fog"
"2012-02-03 21:00","2012","02","03","21:00"," ","-7.2","","-7.8","","95","","20","","11","","12.9","","100.16","","","","-12","","Clear"
"2012-02-03 22:00","2012","02","03","22:00"," ","-7.9","","-8.4","","96","","20","","9","","24.1","","100.16","","","","-12","","Clear"
"2012-02-03 23:00","2012","02","03","23:00"," ","-5.5","","-5.9","","97","","24","","13","","24.1","","100.10","","","","-11","","Mainly Clear"
"2012-02-04 00:00","2012","02","04","00:00"," ","-4.4","","-4.7","","98","","24","","17","","24.1","","100.09","","","","-10","","Clear"
"2012-02-04 01:00","2012","02","04","01:00"," ","-4.0","","-4.4","","97","","25","","15","","24.1","","100.08","","","","-9","","Mainly Clear"
"2012-02-04 02:00","2012","02","04","02:00"," ","-3.9","","-4.2","","98","","25","","20","","24.1","","100.06","","","","-10","","Mainly Clear"
"2012-02-04 03:00","2012","02","04","03:00"," ","-4.3","","-4.8","","96","","26","","20","","24.1","","100.04","","","","-11","","Clear"
"2012-02-04 04:00","2012","02","04","04:00"," ","-4.8","","-5.2","","97","","25","","19","","24.1","","99.99","","","","-11","","Clear"
"2012-02-04 05:00","2012","02","04","05:00"," ","-6.3","","-6.8","","96","","27","","11","","24.1","","99.99","","","","-11","","Clear"
"2012-02-04 06:00","2012","02","04","06:00"," ","-6.6","","-7.1","","96","","24","","9","","16.1","","100.00","","","","-11","","Clear"
"2012-02-04 07:00","2012","02","04","07:00"," ","-8.1","","-8.8","","95","","25","","4","","16.1","","99.99","","","","-10","","Clear"
"2012-02-04 08:00","2012","02","04","08:00"," ","-11.2","","-12.0","","94","","27","","4","","9.7","","99.99","","","","-14","","Fog"
"2012-02-04 09:00","2012","02","04","09:00"," ","-7.9","","-8.4","","96","","26","","9","","16.1","","100.00","","","","-12","","Clear"
"2012-02-04 10:00","2012","02","04","10:00"," ","-7.5","","-8.0","","96","","27","","4","","16.1","","100.01","","","","-10","","Mainly Clear"
"2012-02-04 11:00","2012","02","04","11:00"," ","-5.8","","-6.4","","96","","29","","13","","16.1","","100.01","","","","-11","","Mainly Clear"
"2012-02-04 12:00","2012","02","04","12:00"," ","-4.8","","-5.7","","93","","29","","13","","24.1","","99.98","","","","-10","","Mainly Clear"
"2012-02-04 13:00","2012","02","04","13:00"," ","-3.9","","-4.9","","93","","30","","13","","24.1","","99.96","","","","-9","","Mainly Clear"
"2012-02-04 14:00","2012","02","04","14:00"," ","-3.2","","-4.3","","92","","29","","7","","24.1","","99.94","","","","-6","","Mostly Cloudy"
"2012-02-04 15:00","2012","02","04","15:00"," ","-2.8","","-4.2","","90","","29","","6","","24.1","","99.90","","","","-5","","Mostly Cloudy"
"2012-02-04 16:00","2012","02","04","16:00"," ","-3.3","","-4.9","","89","","30","","6","","24.1","","99.92","","","","-6","","Mostly Cloudy"
"2012-02-04 17:00","2012","02","04","17:00"," ","-3.1","","-5.1","","86","","","","0","","24.1","","99.92","","","","","","Mainly Clear"
"2012-02-04 18:00","2012","02","04","18:00"," ","-4.7","","-5.8","","92","","17","","6","","24.1","","99.89","","","","-7","","Mainly Clear"
"2012-02-04 19:00","2012","02","04","19:00"," ","-6.3","","-7.6","","90","","19","","7","","24.1","","99.89","","","","-10","","Clear"
"2012-02-04 20:00","2012","02","04","20:00"," ","-5.2","","-5.6","","97","","18","","9","","12.9","","99.86","","","","-9","","Clear"
"2012-02-04 21:00","2012","02","04","21:00"," ","-6.7","","-6.8","","99","","18","","13","","9.7","","99.84","","","","-12","","Fog"
"2012-02-04 22:00","2012","02","04","22:00"," ","-7.1","","-7.4","","98","","19","","11","","8.0","","99.81","","","","-12","","Fog"
"2012-02-04 23:00","2012","02","04","23:00"," ","-5.4","","-6.4","","93","","19","","15","","8.0","","99.72","","","","-11","","Fog"
"2012-02-05 00:00","2012","02","05","00:00"," ","-5.2","","-5.8","","96","","22","","13","","16.1","","99.68","","","","-10","","Clear"
"2012-02-05 01:00","2012","02","05","01:00"," ","-5.5","","-6.0","","96","","22","","11","","24.1","","99.61","","","","-10","","Clear"
"2012-02-05 02:00","2012","02","05","02:00"," ","-5.1","","-5.7","","96","","22","","13","","24.1","","99.59","","","","-10","","Clear"
"2012-02-05 03:00","2012","02","05","03:00"," ","-5.4","","-6.2","","94","","21","","11","","24.1","","99.58","","","","-10","","Clear"
"2012-02-05 04:00","2012","02","05","04:00"," ","-6.1","","-6.7","","96","","21","","13","","24.1","","99.50","","","","-11","","Clear"
"2012-02-05 05:00","2012","02","05","05:00"," ","-6.1","","-6.9","","94","","21","","11","","24.1","","99.47","","","","-11","","Clear"
"2012-02-05 06:00","2012","02","05","06:00"," ","-9.5","","-10.3","","94","","18","","11","","24.1","","99.46","","","","-15","","Clear"
"2012-02-05 07:00","2012","02","05","07:00"," ","-9.7","","-10.9","","91","","19","","15","","24.1","","99.42","","","","-16","","Clear"
"2012-02-05 08:00","2012","02","05","08:00"," ","-7.6","","-8.7","","92","","21","","15","","24.1","","99.35","","","","-14","","Clear"
"2012-02-05 09:00","2012","02","05","09:00"," ","-5.8","","-7.5","","88","","22","","19","","24.1","","99.27","","","","-12","","Clear"
"2012-02-05 10:00","2012","02","05","10:00"," ","-3.9","","-6.4","","83","","23","","19","","24.1","","99.20","","","","-10","","Clear"
"2012-02-05 11:00","2012","02","05","11:00"," ","-1.7","","-5.5","","75","","23","","20","","24.1","","99.13","","","","-7","","Clear"
"2012-02-05 12:00","2012","02","05","12:00"," ","1.5","","-3.6","","69","","24","","22","","24.1","","99.02","","","","","","Clear"
"2012-02-05 13:00","2012","02","05","13:00"," ","3.7","","-2.0","","66","","23","","20","","24.1","","98.94","","","","","","Clear"
"2012-02-05 14:00","2012","02","05","14:00"," ","5.1","","-1.6","","62","","22","","22","","24.1","","98.79","","","","","","Mainly Clear"
"2012-02-05 15:00","2012","02","05","15:00"," ","5.7","","-0.9","","62","","24","","19","","24.1","","98.74","","","","","","Mainly Clear"
"2012-02-05 16:00","2012","02","05","16:00"," ","6.4","","-0.8","","60","","25","","22","","24.1","","98.66","","","","","","Clear"
"2012-02-05 17:00","2012","02","05","17:00"," ","5.1","","-1.1","","64","","27","","13","","24.1","","98.69","","","","","","Clear"
"2012-02-05 18:00","2012","02","05","18:00"," ","1.5","","-2.1","","77","","27","","13","","24.1","","98.68","","","","","","Clear"
"2012-02-05 19:00","2012","02","05","19:00"," ","2.1","","-2.2","","73","","24","","11","","24.1","","98.66","","","","","","Clear"
"2012-02-05 20:00","2012","02","05","20:00"," ","-0.2","","-3.5","","78","","27","","13","","24.1","","98.68","","","","-4","","Clear"
"2012-02-05 21:00","2012","02","05","21:00"," ","-1.4","","-4.2","","81","","27","","19","","24.1","","98.68","","","","-7","","Clear"
"2012-02-05 22:00","2012","02","05","22:00"," ","-6.1","","-7.5","","90","","30","","15","","24.1","","98.69","","","","-12","","Clear"
"2012-02-05 23:00","2012","02","05","23:00"," ","-4.7","","-6.8","","85","","31","","17","","24.1","","98.72","","","","-11","","Clear"
"2012-02-06 00:00","2012","02","06","00:00"," ","-5.8","","-7.5","","88","","31","","17","","24.1","","98.78","","","","-12","","Clear"
"2012-02-06 01:00","2012","02","06","01:00"," ","-8.6","","-9.9","","90","","29","","17","","24.1","","98.81","","","","-15","","Clear"
"2012-02-06 02:00","2012","02","06","02:00"," ","-9.6","","-10.5","","93","","30","","17","","24.1","","98.89","","","","-17","","Clear"
"2012-02-06 03:00","2012","02","06","03:00"," ","-10.8","","-11.7","","93","","30","","17","","24.1","","98.97","","","","-18","","Mainly Clear"
"2012-02-06 04:00","2012","02","06","04:00"," ","-5.7","","-7.0","","91","","31","","17","","24.1","","99.03","","","","-12","","Mostly Cloudy"
"2012-02-06 05:00","2012","02","06","05:00"," ","-4.2","","-5.6","","90","","33","","17","","24.1","","99.10","","","","-10","","Mostly Cloudy"
"2012-02-06 06:00","2012","02","06","06:00"," ","-3.1","","-4.5","","90","","33","","19","","24.1","","99.20","","","","-9","","Cloudy"
"2012-02-06 07:00","2012","02","06","07:00"," ","-1.5","","-3.1","","89","","1","","30","","24.1","","99.30","","","","-8","","Cloudy"
"2012-02-06 08:00","2012","02","06","08:00"," ","-1.5","","-3.6","","86","","36","","30","","24.1","","99.45","","","","-8","","Cloudy"
"2012-02-06 09:00","2012","02","06","09:00"," ","-3.0","","-5.2","","85","","2","","37","","24.1","","99.63","","","","-11","","Cloudy"
"2012-02-06 10:00","2012","02","06","10:00"," ","-4.3","","-6.9","","82","","36","","33","","24.1","","99.78","","","","-12","","Cloudy"
"2012-02-06 11:00","2012","02","06","11:00"," ","-6.0","","-8.2","","84","","36","","32","","24.1","","99.88","","","","-15","","Cloudy"
"2012-02-06 12:00","2012","02","06","12:00"," ","-7.0","","-9.7","","81","","1","","41","","19.3","","100.00","","","","-17","","Snow"
"2012-02-06 13:00","2012","02","06","13:00"," ","-7.6","","-10.7","","78","","1","","35","","24.1","","100.08","","","","-17","","Mainly Clear"
"2012-02-06 14:00","2012","02","06","14:00"," ","-8.1","","-11.4","","77","","1","","41","","24.1","","100.19","","","","-18","","Mainly Clear"
"2012-02-06 15:00","2012","02","06","15:00"," ","-8.5","","-11.8","","77","","1","","28","","24.1","","100.25","","","","-17","","Mainly Clear"
"2012-02-06 16:00","2012","02","06","16:00"," ","-8.8","","-12.2","","76","","1","","24","","24.1","","100.33","","","","-17","","Mainly Clear"
"2012-02-06 17:00","2012","02","06","17:00"," ","-9.5","","-13.2","","74","","36","","20","","24.1","","100.42","","","","-17","","Clear"
"2012-02-06 18:00","2012","02","06","18:00"," ","-11.3","","-14.3","","78","","35","","24","","24.1","","100.52","","","","-20","","Clear"
"2012-02-06 19:00","2012","02","06","19:00"," ","-12.6","","-15.2","","81","","35","","24","","24.1","","100.60","","","","-22","","Clear"
"2012-02-06 20:00","2012","02","06","20:00"," ","-13.6","","-15.9","","83","","36","","22","","24.1","","100.70","","","","-23","","Clear"
"2012-02-06 21:00","2012","02","06","21:00"," ","-15.8","","-17.8","","85","","36","","17","","24.1","","100.81","","","","-24","","Clear"
"2012-02-06 22:00","2012","02","06","22:00"," ","-17.9","","-19.3","","89","","35","","15","","24.1","","100.87","","","","-26","","Clear"
"2012-02-06 23:00","2012","02","06","23:00"," ","-21.2","","-21.8","","95","","34","","11","","24.1","","100.95","","","","-29","","Clear"
"2012-02-07 00:00","2012","02","07","00:00"," ","-21.0","","-21.6","","95","","31","","9","","24.1","","100.99","","","","-28","","Clear"
"2012-02-07 01:00","2012","02","07","01:00"," ","-22.9","","-23.7","","93","","34","","13","","24.1","","101.02","","","","-32","","Clear"
"2012-02-07 02:00","2012","02","07","02:00"," ","-22.6","","-23.4","","93","","33","","13","","24.1","","101.05","","","","-32","","Clear"
"2012-02-07 03:00","2012","02","07","03:00"," ","-22.1","","-23.0","","92","","30","","6","","24.1","","101.09","","","","-27","","Clear"
"2012-02-07 04:00","2012","02","07","04:00"," ","-22.7","","-23.5","","93","","30","","11","","24.1","","101.10","","","","-31","","Clear"
"2012-02-07 05:00","2012","02","07","05:00"," ","-23.3","","-24.1","","93","","30","","9","","24.1","","101.07","","","","-31","","Clear"
"2012-02-07 06:00","2012","02","07","06:00"," ","-23.4","","-24.2","","93","","30","","11","","24.1","","101.09","","","","-32","","Clear"
"2012-02-07 07:00","2012","02","07","07:00"," ","-23.1","","-24.3","","90","","30","","7","","24.1","","101.09","","","","-29","","Clear"
"2012-02-07 08:00","2012","02","07","08:00"," ","-22.7","","-23.7","","92","","29","","6","","24.1","","101.11","","","","-28","","Clear"
"2012-02-07 09:00","2012","02","07","09:00"," ","-20.8","","-22.1","","89","","25","","6","","24.1","","101.12","","","","-26","","Clear"
"2012-02-07 10:00","2012","02","07","10:00"," ","-18.0","","-19.4","","89","","27","","13","","24.1","","101.05","","","","-26","","Mainly Clear"
"2012-02-07 11:00","2012","02","07","11:00"," ","-15.9","","-18.2","","82","","26","","7","","24.1","","101.00","","","","-21","","Mainly Clear"
"2012-02-07 12:00","2012","02","07","12:00"," ","-13.6","","-17.4","","73","","26","","15","","24.1","","100.92","","","","-21","","Mainly Clear"
"2012-02-07 13:00","2012","02","07","13:00"," ","-12.1","","-17.4","","65","","27","","11","","24.1","","100.84","","","","-18","","Mainly Clear"
"2012-02-07 14:00","2012","02","07","14:00"," ","-10.2","","-16.8","","58","","24","","11","","24.1","","100.75","","","","-16","","Mainly Clear"
"2012-02-07 15:00","2012","02","07","15:00"," ","-8.6","","-15.5","","57","","23","","13","","24.1","","100.68","","","","-15","","Mainly Clear"
"2012-02-07 16:00","2012","02","07","16:00"," ","-7.1","","-14.7","","55","","26","","13","","24.1","","100.59","","","","-13","","Mainly Clear"
"2012-02-07 17:00","2012","02","07","17:00"," ","-10.2","","-14.4","","71","","28","","9","","24.1","","100.50","","","","-15","","Mainly Clear"
"2012-02-07 18:00","2012","02","07","18:00"," ","-10.5","","-15.5","","67","","25","","7","","24.1","","100.43","","","","-15","","Mainly Clear"
"2012-02-07 19:00","2012","02","07","19:00"," ","-10.7","","-15.3","","69","","24","","9","","24.1","","100.39","","","","-16","","Clear"
"2012-02-07 20:00","2012","02","07","20:00"," ","-12.1","","-15.2","","78","","23","","11","","24.1","","100.28","","","","-18","","Clear"
"2012-02-07 21:00","2012","02","07","21:00"," ","-11.4","","-14.3","","79","","23","","15","","24.1","","100.19","","","","-18","","Clear"
"2012-02-07 22:00","2012","02","07","22:00"," ","-11.1","","-13.8","","80","","24","","15","","24.1","","100.17","","","","-18","","Clear"
"2012-02-07 23:00","2012","02","07","23:00"," ","-11.6","","-13.6","","85","","24","","15","","24.1","","100.11","","","","-19","","Clear"
"2012-02-08 00:00","2012","02","08","00:00"," ","-13.5","","-14.8","","90","","23","","11","","24.1","","100.06","","","","-20","","Clear"
"2012-02-08 01:00","2012","02","08","01:00"," ","-13.0","","-14.6","","88","","23","","7","","24.1","","100.00","","","","-18","","Clear"
"2012-02-08 02:00","2012","02","08","02:00"," ","-11.6","","-13.3","","87","","25","","17","","24.1","","99.92","","","","-19","","Clear"
"2012-02-08 03:00","2012","02","08","03:00"," ","-11.9","","-13.6","","87","","25","","13","","24.1","","99.86","","","","-19","","Clear"
"2012-02-08 04:00","2012","02","08","04:00"," ","-12.1","","-13.9","","86","","26","","17","","24.1","","99.80","","","","-20","","Clear"
"2012-02-08 05:00","2012","02","08","05:00"," ","-12.2","","-13.9","","87","","26","","17","","24.1","","99.74","","","","-20","","Clear"
"2012-02-08 06:00","2012","02","08","06:00"," ","-12.8","","-14.1","","90","","26","","19","","24.1","","99.72","","","","-21","","Clear"
"2012-02-08 07:00","2012","02","08","07:00"," ","-13.1","","-14.1","","92","","26","","19","","24.1","","99.70","","","","-22","","Clear"
"2012-02-08 08:00","2012","02","08","08:00"," ","-12.7","","-13.5","","94","","25","","15","","24.1","","99.64","","","","-20","","Clear"
"2012-02-08 09:00","2012","02","08","09:00"," ","-12.1","","-13.1","","92","","25","","17","","24.1","","99.59","","","","-20","","Mainly Clear"
"2012-02-08 10:00","2012","02","08","10:00"," ","-10.3","","-11.7","","89","","25","","20","","24.1","","99.52","","","","-18","","Mainly Clear"
"2012-02-08 11:00","2012","02","08","11:00"," ","-8.9","","-10.8","","86","","25","","19","","24.1","","99.47","","","","-16","","Clear"
"2012-02-08 12:00","2012","02","08","12:00"," ","","","","","","","","","","","","","","","","","","",""
"2012-02-08 13:00","2012","02","08","13:00"," ","-5.0","","-8.3","","78","","27","","19","","24.1","","99.35","","","","-11","","Clear"
"2012-02-08 14:00","2012","02","08","14:00"," ","-3.8","","-7.9","","73","","26","","20","","24.1","","99.23","","","","-10","","Clear"
"2012-02-08 15:00","2012","02","08","15:00"," ","-2.8","","-7.8","","68","","26","","19","","24.1","","99.14","","","","-9","","Clear"
"2012-02-08 16:00","2012","02","08","16:00"," ","-2.5","","-7.5","","68","","27","","13","","24.1","","99.09","","","","-7","","Clear"
"2012-02-08 17:00","2012","02","08","17:00"," ","-3.9","","-8.7","","69","","27","","13","","24.1","","99.04","","","","-9","","Clear"
"2012-02-08 18:00","2012","02","08","18:00"," ","-5.5","","-9.3","","75","","25","","11","","24.1","","98.98","","","","-10","","Mainly Clear"
"2012-02-08 19:00","2012","02","08","19:00"," ","-6.8","","-10.3","","76","","25","","13","","24.1","","98.91","","","","-12","","Mainly Clear"
"2012-02-08 20:00","2012","02","08","20:00"," ","-6.5","","-9.9","","77","","25","","11","","24.1","","98.84","","","","-11","","Mainly Clear"
"2012-02-08 21:00","2012","02","08","21:00"," ","-6.6","","-9.4","","80","","24","","19","","24.1","","98.79","","","","-13","","Mainly Clear"
"2012-02-08 22:00","2012","02","08","22:00"," ","-6.8","","-9.1","","84","","24","","20","","24.1","","98.72","","","","-14","","Mainly Clear"
"2012-02-08 23:00","2012","02","08","23:00"," ","-7.1","","-9.2","","85","","25","","19","","24.1","","98.67","","","","-14","","Mostly Cloudy"
"2012-02-09 00:00","2012","02","09","00:00"," ","-7.2","","-9.5","","84","","24","","17","","24.1","","98.61","","","","-14","","Mostly Cloudy"
"2012-02-09 01:00","2012","02","09","01:00"," ","-7.9","","-9.9","","86","","23","","11","","24.1","","98.56","","","","-13","","Mostly Cloudy"
"2012-02-09 02:00","2012","02","09","02:00"," ","-8.8","","-10.3","","89","","23","","9","","24.1","","98.48","","","","-13","","Mostly Cloudy"
"2012-02-09 03:00","2012","02","09","03:00"," ","-8.0","","-9.5","","89","","25","","11","","24.1","","98.43","","","","-13","","Cloudy"
"2012-02-09 04:00","2012","02","09","04:00"," ","-8.1","","-9.5","","90","","27","","13","","24.1","","98.38","","","","-14","","Cloudy"
"2012-02-09 05:00","2012","02","09","05:00"," ","-8.0","","-9.4","","90","","30","","11","","11.3","","98.37","","","","-13","","Cloudy"
"2012-02-09 06:00","2012","02","09","06:00"," ","-7.3","","-8.8","","89","","36","","13","","24.1","","98.40","","","","-13","","Cloudy"
"2012-02-09 07:00","2012","02","09","07:00"," ","-9.2","","-11.2","","85","","2","","30","","24.1","","98.47","","","","-18","","Mostly Cloudy"
"2012-02-09 08:00","2012","02","09","08:00"," ","-10.0","","-12.0","","85","","2","","24","","24.1","","98.58","","","","-19","","Cloudy"
"2012-02-09 09:00","2012","02","09","09:00"," ","-11.8","","-17.5","","63","","1","","35","","24.1","","98.70","","","","-23","","Mostly Cloudy"
"2012-02-09 10:00","2012","02","09","10:00"," ","-13.2","","-18.0","","67","","1","","28","","24.1","","98.81","","","","-23","","Mostly Cloudy"
"2012-02-09 11:00","2012","02","09","11:00"," ","-13.5","","-18.0","","69","","36","","24","","24.1","","98.91","","","","-23","","Mostly Cloudy"
"2012-02-09 12:00","2012","02","09","12:00"," ","-14.0","","-19.1","","65","","1","","33","","24.1","","99.02","","","","-25","","Mostly Cloudy"
"2012-02-09 13:00","2012","02","09","13:00"," ","-14.5","","-19.8","","64","","35","","32","","24.1","","99.10","","","","-26","","Mostly Cloudy"
"2012-02-09 14:00","2012","02","09","14:00"," ","-14.6","","-19.7","","65","","35","","30","","24.1","","99.15","","","","-26","","Mostly Cloudy"
"2012-02-09 15:00","2012","02","09","15:00"," ","-15.4","","-20.2","","67","","34","","28","","24.1","","99.24","","","","-26","","Mostly Cloudy"
"2012-02-09 16:00","2012","02","09","16:00"," ","-16.2","","-20.1","","72","","33","","28","","24.1","","99.34","","","","-27","","Mainly Clear"
"2012-02-09 17:00","2012","02","09","17:00"," ","-17.4","","-20.8","","75","","36","","19","","24.1","","99.44","","","","-27","","Mainly Clear"
"2012-02-09 18:00","2012","02","09","18:00"," ","-18.8","","-21.9","","76","","35","","17","","24.1","","99.58","","","","-28","","Mainly Clear"
"2012-02-09 19:00","2012","02","09","19:00"," ","-19.5","","-22.6","","76","","1","","17","","24.1","","99.68","","","","-29","","Clear"
"2012-02-09 20:00","2012","02","09","20:00"," ","-21.0","","-24.1","","76","","36","","28","","24.1","","99.85","","","","-34","","Clear"
"2012-02-09 21:00","2012","02","09","21:00"," ","-22.0","","-25.2","","75","","36","","32","","24.1","","99.97","","","","-36","","Clear"
"2012-02-09 22:00","2012","02","09","22:00"," ","-23.1","","-25.7","","79","","35","","24","","24.1","","100.06","","","","-35","","Clear"
"2012-02-09 23:00","2012","02","09","23:00"," ","-23.7","","-26.0","","81","","34","","22","","24.1","","100.16","","","","-36","","Clear"
"2012-02-10 00:00","2012","02","10","00:00"," ","-24.2","","-34.4","","38","","35","","19","","24.1","","100.25","","","","-36","","Clear"
"2012-02-10 01:00","2012","02","10","01:00"," ","-24.7","","-31.1","","55","","34","","17","","24.1","","100.32","","","","-36","","Clear"
"2012-02-10 02:00","2012","02","10","02:00"," ","-26.1","","-31.1","","63","","34","","15","","24.1","","100.38","","","","-37","","Clear"
"2012-02-10 03:00","2012","02","10","03:00"," ","-25.2","","-30.3","","62","","36","","19","","24.1","","100.46","","","","-37","","Clear"
"2012-02-10 04:00","2012","02","10","04:00"," ","-27.2","","-31.7","","66","","33","","17","","24.1","","100.52","","","","-39","","Clear"
"2012-02-10 05:00","2012","02","10","05:00"," ","-27.1","","-31.5","","66","","32","","17","","24.1","","100.63","","","","-39","","Clear"
"2012-02-10 06:00","2012","02","10","06:00"," ","-27.8","","-32.2","","66","","30","","11","","24.1","","100.75","","","","-37","","Clear"
"2012-02-10 07:00","2012","02","10","07:00"," ","-28.7","","-32.8","","68","","30","","9","","24.1","","100.84","","","","-37","","Clear"
"2012-02-10 08:00","2012","02","10","08:00"," ","-28.2","","-32.6","","66","","32","","17","","24.1","","100.90","","","","-40","","Clear"
"2012-02-10 09:00","2012","02","10","09:00"," ","-26.8","","-31.3","","66","","32","","20","","24.1","","100.95","","","","-39","","Clear"
"2012-02-10 10:00","2012","02","10","10:00"," ","-25.2","","-30.1","","64","","32","","19","","24.1","","101.00","","","","-37","","Clear"
"2012-02-10 11:00","2012","02","10","11:00"," ","-23.3","","-28.5","","62","","32","","26","","24.1","","100.99","","","","-36","","Clear"
"2012-02-10 12:00","2012","02","10","12:00"," ","-21.2","","-27.0","","60","","32","","26","","24.1","","101.03","","","","-33","","Clear"
"2012-02-10 13:00","2012","02","10","13:00"," ","-20.2","","-26.7","","56","","32","","22","","24.1","","101.01","","","","-31","","Clear"
"2012-02-10 14:00","2012","02","10","14:00"," ","-20.8","","-26.2","","62","","30","","22","","24.1","","101.00","","","","-32","","Clear"
"2012-02-10 15:00","2012","02","10","15:00"," ","-20.5","","-26.2","","60","","30","","24","","24.1","","100.99","","","","-32","","Clear"
"2012-02-10 16:00","2012","02","10","16:00"," ","-20.2","","-26.1","","59","","31","","22","","24.1","","100.99","","","","-31","","Clear"
"2012-02-10 17:00","2012","02","10","17:00"," ","-20.3","","-26.8","","56","","31","","20","","24.1","","100.96","","","","-31","","Clear"
"2012-02-10 18:00","2012","02","10","18:00"," ","-22.3","","-27.3","","64","","28","","15","","24.1","","100.94","","","","-32","","Clear"
"2012-02-10 19:00","2012","02","10","19:00"," ","-22.4","","-27.4","","64","","29","","19","","24.1","","100.90","","","","-33","","Clear"
"2012-02-10 20:00","2012","02","10","20:00"," ","-24.3","","-28.4","","69","","28","","13","","24.1","","100.89","","","","-34","","Clear"
"2012-02-10 21:00","2012","02","10","21:00"," ","-25.3","","-29.6","","67","","28","","11","","24.1","","100.91","","","","-34","","Clear"
"2012-02-10 22:00","2012","02","10","22:00"," ","-24.8","","-29.0","","68","","28","","13","","24.1","","100.91","","","","-34","","Clear"
"2012-02-10 23:00","2012","02","10","23:00"," ","-23.9","","-28.7","","65","","27","","17","","24.1","","100.91","","","","-35","","Clear"
"2012-02-11 00:00","2012","02","11","00:00"," ","-23.9","","-28.8","","64","","28","","17","","24.1","","100.92","","","","-35","","Clear"
"2012-02-11 01:00","2012","02","11","01:00"," ","-23.5","","-28.4","","64","","29","","20","","24.1","","100.90","","","","-35","","Clear"
"2012-02-11 02:00","2012","02","11","02:00"," ","-25.4","","-29.9","","66","","29","","13","","24.1","","100.92","","","","-35","","Clear"
"2012-02-11 03:00","2012","02","11","03:00"," ","-24.6","","-28.8","","68","","28","","17","","24.1","","100.85","","","","-35","","Clear"
"2012-02-11 04:00","2012","02","11","04:00"," ","-24.8","","-29.2","","67","","29","","17","","24.1","","100.87","","","","-36","","Clear"
"2012-02-11 05:00","2012","02","11","05:00"," ","-23.7","","-28.4","","65","","28","","20","","24.1","","100.83","","","","-35","","Clear"
"2012-02-11 06:00","2012","02","11","06:00"," ","-23.6","","-28.3","","65","","29","","20","","24.1","","100.82","","","","-35","","Clear"
"2012-02-11 07:00","2012","02","11","07:00"," ","-23.5","","-28.4","","64","","28","","17","","24.1","","100.81","","","","-34","","Clear"
"2012-02-11 08:00","2012","02","11","08:00"," ","-23.3","","-28.1","","65","","28","","17","","24.1","","100.81","","","","-34","","Clear"
"2012-02-11 09:00","2012","02","11","09:00"," ","-21.8","","-26.9","","63","","27","","19","","24.1","","100.78","","","","-32","","Clear"
"2012-02-11 10:00","2012","02","11","10:00"," ","-19.9","","-25.6","","60","","28","","26","","24.1","","100.73","","","","-32","","Clear"
"2012-02-11 11:00","2012","02","11","11:00"," ","-18.0","","-23.7","","61","","29","","24","","24.1","","100.77","","","","-29","","Clear"
"2012-02-11 12:00","2012","02","11","12:00"," ","-16.4","","-22.5","","59","","28","","28","","24.1","","100.70","","","","-28","","Clear"
"2012-02-11 13:00","2012","02","11","13:00"," ","-15.3","","-21.5","","59","","30","","26","","24.1","","100.66","","","","-26","","Clear"
"2012-02-11 14:00","2012","02","11","14:00"," ","-14.3","","-21.1","","56","","29","","22","","24.1","","100.61","","","","-24","","Clear"
"2012-02-11 15:00","2012","02","11","15:00"," ","-13.7","","-20.7","","55","","28","","20","","24.1","","100.54","","","","-23","","Clear"
"2012-02-11 16:00","2012","02","11","16:00"," ","-13.2","","-20.1","","56","","27","","17","","24.1","","100.50","","","","-21","","Clear"
"2012-02-11 17:00","2012","02","11","17:00"," ","-13.1","","-20.0","","56","","27","","9","","24.1","","100.42","","","","-19","","Clear"
"2012-02-11 18:00","2012","02","11","18:00"," ","-15.2","","-21.3","","60","","27","","7","","24.1","","100.37","","","","-20","","Clear"
"2012-02-11 19:00","2012","02","11","19:00"," ","-14.6","","-21.5","","56","","25","","11","","24.1","","100.32","","","","-21","","Clear"
"2012-02-11 20:00","2012","02","11","20:00"," ","-14.7","","-21.4","","57","","25","","11","","24.1","","100.24","","","","-21","","Clear"
"2012-02-11 21:00","2012","02","11","21:00"," ","-14.8","","-21.4","","57","","26","","13","","24.1","","100.18","","","","-22","","Clear"
"2012-02-11 22:00","2012","02","11","22:00"," ","-14.9","","-21.9","","55","","25","","17","","24.1","","100.10","","","","-23","","Clear"
"2012-02-11 23:00","2012","02","11","23:00"," ","-14.9","","-21.8","","56","","24","","15","","24.1","","100.03","","","","-23","","Clear"
"2012-02-12 00:00","2012","02","12","00:00"," ","-16.2","","-21.8","","62","","23","","13","","24.1","","99.97","","","","-24","","Clear"
"2012-02-12 01:00","2012","02","12","01:00"," ","-15.4","","-21.3","","61","","25","","15","","24.1","","99.92","","","","-23","","Clear"
"2012-02-12 02:00","2012","02","12","02:00"," ","-15.6","","-21.2","","62","","25","","17","","24.1","","99.84","","","","-24","","Clear"
"2012-02-12 03:00","2012","02","12","03:00"," ","-15.6","","-21.1","","63","","25","","15","","24.1","","99.77","","","","-24","","Clear"
"2012-02-12 04:00","2012","02","12","04:00"," ","-16.7","","-21.7","","65","","22","","9","","24.1","","99.71","","","","-23","","Clear"
"2012-02-12 05:00","2012","02","12","05:00"," ","-18.7","","-23.0","","69","","21","","11","","24.1","","99.70","","","","-26","","Clear"
"2012-02-12 06:00","2012","02","12","06:00"," ","-19.1","","-22.6","","74","","21","","9","","24.1","","99.62","","","","-26","","Clear"
"2012-02-12 07:00","2012","02","12","07:00"," ","-19.4","","-23.1","","72","","20","","11","","24.1","","99.54","","","","-27","","Clear"
"2012-02-12 08:00","2012","02","12","08:00"," ","-20.5","","-24.1","","73","","18","","9","","24.1","","99.48","","","","-27","","Clear"
"2012-02-12 09:00","2012","02","12","09:00"," ","-16.8","","-22.0","","64","","19","","15","","24.1","","99.48","","","","-25","","Clear"
"2012-02-12 10:00","2012","02","12","10:00"," ","-13.5","","-20.2","","57","","20","","15","","24.1","","99.42","","","","-21","","Clear"
"2012-02-12 11:00","2012","02","12","11:00"," ","-10.0","","-18.2","","51","","20","","19","","24.1","","99.32","","","","-18","","Clear"
"2012-02-12 12:00","2012","02","12","12:00"," ","-7.5","","-15.1","","54","","22","","19","","24.1","","99.23","","","","-15","","Clear"
"2012-02-12 13:00","2012","02","12","13:00"," ","-5.8","","-14.6","","50","","21","","19","","24.1","","99.10","","","","-12","","Clear"
"2012-02-12 14:00","2012","02","12","14:00"," ","-3.9","","-14.7","","43","","19","","19","","24.1","","98.97","","","","-10","","Clear"
"2012-02-12 15:00","2012","02","12","15:00"," ","-3.4","","-14.0","","44","","18","","22","","24.1","","98.88","","","","-10","","Clear"
"2012-02-12 16:00","2012","02","12","16:00"," ","-3.9","","-12.6","","51","","18","","24","","24.1","","98.75","","","","-11","","Clear"
"2012-02-12 17:00","2012","02","12","17:00"," ","-4.6","","-12.6","","54","","18","","20","","24.1","","98.66","","","","-11","","Clear"
"2012-02-12 18:00","2012","02","12","18:00"," ","-6.9","","-12.5","","64","","18","","22","","24.1","","98.61","","","","-14","","Clear"
"2012-02-12 19:00","2012","02","12","19:00"," ","-8.2","","-13.3","","67","","18","","22","","24.1","","98.56","","","","-16","","Clear"
"2012-02-12 20:00","2012","02","12","20:00"," ","-9.8","","-13.8","","73","","19","","17","","24.1","","98.51","","","","-17","","Clear"
"2012-02-12 21:00","2012","02","12","21:00"," ","-10.1","","-14.0","","73","","19","","22","","24.1","","98.45","","","","-18","","Clear"
"2012-02-12 22:00","2012","02","12","22:00"," ","-10.8","","-14.3","","75","","18","","22","","24.1","","98.38","","","","-19","","Clear"
"2012-02-12 23:00","2012","02","12","23:00"," ","-11.1","","-14.9","","73","","19","","20","","24.1","","98.34","","","","-19","","Clear"
"2012-02-13 00:00","2012","02","13","00:00"," ","-11.2","","-15.4","","71","","19","","20","","24.1","","98.26","","","","-19","","Clear"
"2012-02-13 01:00","2012","02","13","01:00"," ","-12.7","","-16.1","","76","","18","","15","","24.1","","98.24","","","","-20","","Clear"
"2012-02-13 02:00","2012","02","13","02:00"," ","-13.8","","-16.3","","81","","18","","13","","24.1","","98.17","","","","-21","","Clear"
"2012-02-13 03:00","2012","02","13","03:00"," ","-13.2","","-16.2","","78","","18","","19","","24.1","","98.08","","","","-22","","Clear"
"2012-02-13 04:00","2012","02","13","04:00"," ","-13.7","","-16.5","","79","","18","","15","","24.1","","98.02","","","","-21","","Clear"
"2012-02-13 05:00","2012","02","13","05:00"," ","-14.0","","-16.8","","79","","18","","15","","24.1","","97.98","","","","-22","","Clear"
"2012-02-13 06:00","2012","02","13","06:00"," ","-13.9","","-16.7","","79","","17","","17","","24.1","","97.91","","","","-22","","Clear"
"2012-02-13 07:00","2012","02","13","07:00"," ","-13.8","","-16.6","","79","","18","","15","","24.1","","97.88","","","","-21","","Clear"
"2012-02-13 08:00","2012","02","13","08:00"," ","-14.0","","-16.6","","81","","18","","17","","24.1","","97.85","","","","-22","","Clear"
"2012-02-13 09:00","2012","02","13","09:00"," ","-13.2","","-15.9","","80","","18","","22","","24.1","","97.83","","","","-22","","Clear"
"2012-02-13 10:00","2012","02","13","10:00"," ","-9.8","","-14.0","","71","","18","","17","","24.1","","97.80","","","","-17","","Clear"
"2012-02-13 11:00","2012","02","13","11:00"," ","-7.3","","-12.3","","67","","18","","17","","24.1","","97.75","","","","-14","","Clear"
"2012-02-13 12:00","2012","02","13","12:00"," ","-5.5","","-10.9","","66","","20","","17","","24.1","","97.72","","","","-12","","Clear"
"2012-02-13 13:00","2012","02","13","13:00"," ","-3.3","","-8.9","","65","","18","","15","","24.1","","97.65","","","","-8","","Clear"
"2012-02-13 14:00","2012","02","13","14:00"," ","-2.5","","-8.2","","65","","17","","19","","24.1","","97.60","","","","-8","","Clear"
"2012-02-13 15:00","2012","02","13","15:00"," ","-2.0","","-7.6","","65","","17","","17","","24.1","","97.56","","","","-7","","Clear"
"2012-02-13 16:00","2012","02","13","16:00"," ","-1.9","","-7.5","","65","","17","","22","","24.1","","97.51","","","","-8","","Clear"
"2012-02-13 17:00","2012","02","13","17:00"," ","-2.7","","-7.5","","69","","17","","19","","24.1","","97.48","","","","-8","","Clear"
"2012-02-13 18:00","2012","02","13","18:00"," ","-4.7","","-8.3","","76","","17","","15","","24.1","","97.47","","","","-10","","Clear"
"2012-02-13 19:00","2012","02","13","19:00"," ","-5.7","","-8.2","","82","","17","","19","","24.1","","97.48","","","","-12","","Clear"
"2012-02-13 20:00","2012","02","13","20:00"," ","-5.9","","-8.3","","83","","17","","22","","24.1","","97.44","","","","-13","","Clear"
"2012-02-13 21:00","2012","02","13","21:00"," ","-6.3","","-8.5","","84","","18","","20","","24.1","","97.43","","","","-13","","Clear"
"2012-02-13 22:00","2012","02","13","22:00"," ","-7.0","","-8.9","","86","","18","","19","","24.1","","97.41","","","","-14","","Clear"
"2012-02-13 23:00","2012","02","13","23:00"," ","-8.0","","-9.6","","88","","19","","15","","24.1","","97.41","","","","-14","","Clear"
"2012-02-14 00:00","2012","02","14","00:00"," ","-7.9","","-9.7","","87","","20","","17","","24.1","","97.38","","","","-15","","Clear"
"2012-02-14 01:00","2012","02","14","01:00"," ","-10.3","","-11.3","","92","","18","","11","","24.1","","97.37","","","","-16","","Clear"
"2012-02-14 02:00","2012","02","14","02:00"," ","-11.5","","-12.2","","95","","18","","9","","24.1","","97.37","","","","-17","","Clear"
"2012-02-14 03:00","2012","02","14","03:00"," ","-12.1","","-12.9","","94","","17","","6","","24.1","","97.36","","","","-16","","Clear"
"2012-02-14 04:00","2012","02","14","04:00"," ","-12.7","","-13.5","","94","","","","0","","24.1","","97.40","","","","","","Clear"
"2012-02-14 05:00","2012","02","14","05:00"," ","-14.0","","-14.7","","94","","17","","7","","24.1","","97.39","","","","-19","","Clear"
"2012-02-14 06:00","2012","02","14","06:00"," ","-14.1","","-14.9","","94","","18","","7","","24.1","","97.39","","","","-19","","Clear"
"2012-02-14 07:00","2012","02","14","07:00"," ","-15.0","","-15.7","","94","","","","0","","24.1","","97.39","","","","","","Clear"
"2012-02-14 08:00","2012","02","14","08:00"," ","-15.7","","-16.2","","96","","","","0","","24.1","","97.40","","","","","","Clear"
"2012-02-14 09:00","2012","02","14","09:00"," ","-14.6","","-15.2","","95","","","","0","","24.1","","97.48","","","","","","Clear"
"2012-02-14 10:00","2012","02","14","10:00"," ","-11.2","","-11.7","","96","","","","0","","16.1","","97.47","","","","","","Clear"
"2012-02-14 11:00","2012","02","14","11:00"," ","-8.4","","-10.3","","86","","","","0","","16.1","","97.48","","","","","","Mainly Clear"
"2012-02-14 12:00","2012","02","14","12:00"," ","-5.1","","-8.6","","76","","","","0","","24.1","","97.50","","","","","","Mainly Clear"
"2012-02-14 13:00","2012","02","14","13:00"," ","-2.8","","-7.5","","70","","34","","4","","24.1","","97.47","","","","-4","","Mainly Clear"
"2012-02-14 14:00","2012","02","14","14:00"," ","-1.6","","-6.8","","68","","32","","4","","16.1","","97.46","","","","-3","","Clear"
"2012-02-14 15:00","2012","02","14","15:00"," ","-1.6","","-6.1","","71","","30","","7","","16.1","","97.48","","","","-4","","Clear"
"2012-02-14 16:00","2012","02","14","16:00"," ","-2.0","","-6.1","","73","","35","","7","","16.1","","97.51","","","","-5","","Clear"
"2012-02-14 17:00","2012","02","14","17:00"," ","-2.8","","-6.8","","74","","5","","4","","24.1","","97.53","","","","-4","","Mainly Clear"
"2012-02-14 18:00","2012","02","14","18:00"," ","-4.0","","-7.1","","79","","","","0","","24.1","","97.57","","","","","","Mostly Cloudy"
"2012-02-14 19:00","2012","02","14","19:00"," ","-5.5","","-7.9","","83","","2","","6","","24.1","","97.62","","","","-8","","Mostly Cloudy"
"2012-02-14 20:00","2012","02","14","20:00"," ","-6.6","","-7.9","","90","","","","0","","24.1","","97.64","","","","","","Mainly Clear"
"2012-02-14 21:00","2012","02","14","21:00"," ","-6.4","","-7.6","","91","","16","","6","","24.1","","97.66","","","","-9","","Mostly Cloudy"
"2012-02-14 22:00","2012","02","14","22:00"," ","-8.2","","-9.5","","90","","2","","11","","24.1","","97.70","","","","-13","","Mostly Cloudy"
"2012-02-14 23:00","2012","02","14","23:00"," ","-7.1","","-8.5","","90","","6","","6","","24.1","","97.72","","","","-10","","Cloudy"
"2012-02-15 00:00","2012","02","15","00:00"," ","-6.4","","-7.7","","90","","5","","4","","24.1","","97.73","","","","-8","","Cloudy"
"2012-02-15 01:00","2012","02","15","01:00"," ","-7.3","","-8.3","","93","","36","","7","","24.1","","97.78","","","","-11","","Cloudy"
"2012-02-15 02:00","2012","02","15","02:00"," ","-6.7","","-7.9","","91","","","","0","","24.1","","97.81","","","","","","Cloudy"
"2012-02-15 03:00","2012","02","15","03:00"," ","-6.6","","-7.7","","92","","","","0","","24.1","","97.84","","","","","","Cloudy"
"2012-02-15 04:00","2012","02","15","04:00"," ","-7.0","","-7.9","","93","","31","","6","","24.1","","97.88","","","","-10","","Cloudy"
"2012-02-15 05:00","2012","02","15","05:00"," ","-6.4","","-7.6","","91","","30","","6","","24.1","","97.92","","","","-9","","Cloudy"
"2012-02-15 06:00","2012","02","15","06:00"," ","-5.8","","-7.0","","91","","29","","7","","24.1","","97.96","","","","-9","","Cloudy"
"2012-02-15 07:00","2012","02","15","07:00"," ","-4.8","","-6.4","","89","","30","","11","","24.1","","98.00","","","","-9","","Cloudy"
"2012-02-15 08:00","2012","02","15","08:00"," ","-4.9","","-6.4","","89","","29","","9","","24.1","","98.06","","","","-9","","Cloudy"
"2012-02-15 09:00","2012","02","15","09:00"," ","-4.4","","-6.0","","89","","28","","11","","24.1","","98.10","","","","-9","","Cloudy"
"2012-02-15 10:00","2012","02","15","10:00"," ","-3.7","","-5.6","","87","","28","","9","","24.1","","98.14","","","","-7","","Cloudy"
"2012-02-15 11:00","2012","02","15","11:00"," ","-2.8","","-4.4","","89","","29","","9","","8.0","","98.18","","","","-6","","Snow"
"2012-02-15 12:00","2012","02","15","12:00"," ","-2.0","","-3.2","","91","","28","","7","","8.0","","98.21","","","","-5","","Snow"
"2012-02-15 13:00","2012","02","15","13:00"," ","-1.9","","-3.0","","92","","29","","11","","6.4","","98.22","","","","-6","","Snow"
"2012-02-15 14:00","2012","02","15","14:00"," ","-1.9","","-2.7","","94","","32","","9","","2.4","","98.21","","","","-5","","Snow"
"2012-02-15 15:00","2012","02","15","15:00"," ","-1.7","","-2.0","","98","","30","","11","","3.2","","98.25","","","","-6","","Snow,Fog"
"2012-02-15 16:00","2012","02","15","16:00"," ","-1.4","","-1.5","","99","","30","","15","","1.6","","98.28","","","","-6","","Snow,Fog"
"2012-02-15 17:00","2012","02","15","17:00"," ","-2.0","","-2.3","","98","","31","","20","","2.0","","98.34","","","","-8","","Snow,Fog"
"2012-02-15 18:00","2012","02","15","18:00"," ","-2.5","","-3.0","","96","","30","","20","","3.6","","98.38","","","","-8","","Snow,Fog"
"2012-02-15 19:00","2012","02","15","19:00"," ","-2.8","","-3.2","","97","","29","","20","","4.0","","98.42","","","","-9","","Snow,Fog"
"2012-02-15 20:00","2012","02","15","20:00"," ","-3.2","","-3.6","","97","","29","","17","","4.8","","98.46","","","","-9","","Snow,Fog"
"2012-02-15 21:00","2012","02","15","21:00"," ","-4.3","","-4.8","","96","","28","","15","","12.9","","98.51","","","","-10","","Snow"
"2012-02-15 22:00","2012","02","15","22:00"," ","-4.7","","-5.3","","96","","29","","15","","16.1","","98.55","","","","-10","","Snow"
"2012-02-15 23:00","2012","02","15","23:00"," ","-5.8","","-6.8","","93","","29","","13","","19.3","","98.55","","","","-11","","Snow"
"2012-02-16 00:00","2012","02","16","00:00"," ","-9.2","","-10.5","","90","","30","","15","","24.1","","98.56","","","","-16","","Cloudy"
"2012-02-16 01:00","2012","02","16","01:00"," ","-10.4","","-11.4","","92","","29","","17","","24.1","","98.58","","","","-18","","Mostly Cloudy"
"2012-02-16 02:00","2012","02","16","02:00"," ","-10.7","","-12.0","","90","","27","","15","","24.1","","98.61","","","","-18","","Mostly Cloudy"
"2012-02-16 03:00","2012","02","16","03:00"," ","-7.9","","-9.2","","90","","29","","13","","24.1","","98.63","","","","-14","","Cloudy"
"2012-02-16 04:00","2012","02","16","04:00"," ","-7.2","","-8.6","","90","","30","","11","","24.1","","98.66","","","","-12","","Cloudy"
"2012-02-16 05:00","2012","02","16","05:00"," ","-7.4","","-8.9","","89","","29","","9","","24.1","","98.66","","","","-12","","Cloudy"
"2012-02-16 06:00","2012","02","16","06:00"," ","-7.6","","-9.2","","88","","27","","11","","24.1","","98.69","","","","-13","","Mostly Cloudy"
"2012-02-16 07:00","2012","02","16","07:00"," ","-8.9","","-10.1","","91","","27","","11","","24.1","","98.69","","","","-14","","Mostly Cloudy"
"2012-02-16 08:00","2012","02","16","08:00"," ","-7.7","","-8.6","","93","","25","","11","","24.1","","98.70","","","","-13","","Mostly Cloudy"
"2012-02-16 09:00","2012","02","16","09:00"," ","-6.0","","-7.6","","88","","25","","7","","24.1","","98.70","","","","-9","","Mostly Cloudy"
"2012-02-16 10:00","2012","02","16","10:00"," ","-5.4","","-7.5","","85","","26","","9","","24.1","","98.71","","","","-9","","Snow Showers"
"2012-02-16 11:00","2012","02","16","11:00"," ","-4.8","","-6.7","","87","","27","","7","","24.1","","98.71","","","","-8","","Snow Showers"
"2012-02-16 12:00","2012","02","16","12:00"," ","-4.5","","-6.5","","86","","26","","9","","24.1","","98.70","","","","-8","","Snow Showers"
"2012-02-16 13:00","2012","02","16","13:00"," ","-3.9","","-5.9","","86","","25","","15","","19.3","","98.68","","","","-9","","Snow Showers"
"2012-02-16 14:00","2012","02","16","14:00"," ","-3.6","","-5.7","","85","","30","","9","","24.1","","98.66","","","","-7","","Mostly Cloudy"
"2012-02-16 15:00","2012","02","16","15:00"," ","-3.3","","-5.3","","86","","31","","7","","24.1","","98.65","","","","-6","","Mostly Cloudy"
"2012-02-16 16:00","2012","02","16","16:00"," ","-3.2","","-4.9","","88","","34","","4","","24.1","","98.66","","","","-5","","Mostly Cloudy"
"2012-02-16 17:00","2012","02","16","17:00"," ","-2.9","","-4.8","","87","","","","0","","24.1","","98.67","","","","","","Mostly Cloudy"
"2012-02-16 18:00","2012","02","16","18:00"," ","-3.6","","-5.0","","90","","34","","4","","24.1","","98.68","","","","-5","","Snow Showers"
"2012-02-16 19:00","2012","02","16","19:00"," ","-4.4","","-5.3","","93","","34","","7","","16.1","","98.71","","","","-8","","Snow Showers"
"2012-02-16 20:00","2012","02","16","20:00"," ","-4.6","","-5.3","","95","","34","","4","","24.1","","98.72","","","","-6","","Snow Showers"
"2012-02-16 21:00","2012","02","16","21:00"," ","-5.0","","-5.9","","93","","33","","9","","16.1","","98.74","","","","-9","","Snow Showers"
"2012-02-16 22:00","2012","02","16","22:00"," ","-6.0","","-6.7","","95","","28","","9","","16.1","","98.75","","","","-10","","Snow Showers"
"2012-02-16 23:00","2012","02","16","23:00"," ","-6.9","","-7.5","","95","","32","","9","","19.3","","98.78","","","","-11","","Snow Showers"
"2012-02-17 00:00","2012","02","17","00:00"," ","-6.5","","-7.2","","95","","34","","11","","24.1","","98.79","","","","-11","","Snow Showers"
"2012-02-17 01:00","2012","02","17","01:00"," ","-7.2","","-7.9","","95","","34","","6","","24.1","","98.81","","","","-10","","Snow Showers"
"2012-02-17 02:00","2012","02","17","02:00"," ","-12.8","","-13.3","","96","","28","","15","","24.1","","98.85","","","","-20","","Mostly Cloudy"
"2012-02-17 03:00","2012","02","17","03:00"," ","-15.4","","-15.9","","96","","31","","11","","9.7","","98.87","","","","-22","","Fog"
"2012-02-17 04:00","2012","02","17","04:00"," ","-12.5","","-13.4","","93","","34","","11","","16.1","","98.88","","","","-19","","Snow"
"2012-02-17 05:00","2012","02","17","05:00"," ","-8.7","","-9.2","","96","","1","","4","","19.3","","98.95","","","","-11","","Snow"
"2012-02-17 06:00","2012","02","17","06:00"," ","-8.4","","-8.9","","96","","32","","7","","24.1","","99.00","","","","-12","","Snow"
"2012-02-17 07:00","2012","02","17","07:00"," ","-7.2","","-7.7","","96","","32","","13","","24.1","","99.09","","","","-13","","Cloudy"
"2012-02-17 08:00","2012","02","17","08:00"," ","-6.9","","-7.5","","95","","1","","11","","24.1","","99.14","","","","-12","","Cloudy"
"2012-02-17 09:00","2012","02","17","09:00"," ","-7.0","","-7.8","","94","","1","","9","","24.1","","99.23","","","","-11","","Snow"
"2012-02-17 10:00","2012","02","17","10:00"," ","-6.6","","-8.3","","88","","3","","19","","19.3","","99.29","","","","-13","","Snow"
"2012-02-17 11:00","2012","02","17","11:00"," ","-6.3","","-8.9","","82","","3","","17","","24.1","","99.32","","","","-13","","Mostly Cloudy"
"2012-02-17 12:00","2012","02","17","12:00"," ","-6.1","","-9.7","","76","","36","","11","","24.1","","99.34","","","","-11","","Mostly Cloudy"
"2012-02-17 13:00","2012","02","17","13:00"," ","-6.1","","-10.2","","73","","1","","11","","24.1","","99.35","","","","-11","","Mainly Clear"
"2012-02-17 14:00","2012","02","17","14:00"," ","-5.7","","-10.7","","68","","1","","9","","24.1","","99.36","","","","-10","","Mainly Clear"
"2012-02-17 15:00","2012","02","17","15:00"," ","-6.1","","-10.5","","71","","34","","4","","24.1","","99.36","","","","-8","","Mainly Clear"
"2012-02-17 16:00","2012","02","17","16:00"," ","-5.9","","-10.9","","68","","32","","4","","24.1","","99.38","","","","-8","","Mainly Clear"
"2012-02-17 17:00","2012","02","17","17:00"," ","-6.9","","-11.2","","71","","","","0","","24.1","","99.37","","","","","","Mainly Clear"
"2012-02-17 18:00","2012","02","17","18:00"," ","-7.1","","-10.9","","74","","26","","9","","24.1","","99.39","","","","-11","","Mostly Cloudy"
"2012-02-17 19:00","2012","02","17","19:00"," ","-7.6","","-10.4","","80","","27","","7","","24.1","","99.37","","","","-11","","Cloudy"
"2012-02-17 20:00","2012","02","17","20:00"," ","-8.5","","-10.8","","83","","23","","6","","24.1","","99.31","","","","-12","","Mostly Cloudy"
"2012-02-17 21:00","2012","02","17","21:00"," ","-7.9","","-10.3","","83","","21","","7","","24.1","","99.30","","","","-12","","Mostly Cloudy"
"2012-02-17 22:00","2012","02","17","22:00"," ","-7.5","","-10.0","","82","","22","","7","","24.1","","99.29","","","","-11","","Cloudy"
"2012-02-17 23:00","2012","02","17","23:00"," ","-7.4","","-10.0","","82","","21","","9","","24.1","","99.26","","","","-12","","Cloudy"
"2012-02-18 00:00","2012","02","18","00:00"," ","-10.6","","-12.9","","83","","21","","9","","24.1","","99.24","","","","-16","","Mainly Clear"
"2012-02-18 01:00","2012","02","18","01:00"," ","-12.1","","-15.4","","76","","19","","11","","24.1","","99.19","","","","-18","","Mainly Clear"
"2012-02-18 02:00","2012","02","18","02:00"," ","-11.0","","-14.2","","77","","19","","13","","24.1","","99.18","","","","-17","","Mainly Clear"
"2012-02-18 03:00","2012","02","18","03:00"," ","-12.1","","-13.6","","89","","19","","11","","24.1","","99.17","","","","-18","","Mainly Clear"
"2012-02-18 04:00","2012","02","18","04:00"," ","-14.4","","-15.3","","93","","18","","6","","24.1","","99.13","","","","-19","","Mainly Clear"
"2012-02-18 05:00","2012","02","18","05:00"," ","-15.3","","-16.0","","94","","17","","7","","24.1","","99.13","","","","-20","","Clear"
"2012-02-18 06:00","2012","02","18","06:00"," ","-15.2","","-15.7","","96","","16","","13","","24.1","","99.10","","","","-23","","Clear"
"2012-02-18 07:00","2012","02","18","07:00"," ","-15.4","","-16.2","","94","","19","","13","","24.1","","99.07","","","","-23","","Mainly Clear"
"2012-02-18 08:00","2012","02","18","08:00"," ","-15.3","","-16.1","","94","","18","","11","","24.1","","99.06","","","","-22","","Mostly Cloudy"
"2012-02-18 09:00","2012","02","18","09:00"," ","-13.3","","-14.1","","94","","18","","11","","24.1","","99.05","","","","-20","","Mainly Clear"
"2012-02-18 10:00","2012","02","18","10:00"," ","-9.7","","-11.1","","89","","18","","13","","24.1","","99.02","","","","-16","","Mainly Clear"
"2012-02-18 11:00","2012","02","18","11:00"," ","-8.0","","-10.6","","82","","18","","20","","24.1","","99.00","","","","-15","","Mainly Clear"
"2012-02-18 12:00","2012","02","18","12:00"," ","-6.4","","-9.6","","78","","19","","19","","24.1","","98.98","","","","-13","","Mainly Clear"
"2012-02-18 13:00","2012","02","18","13:00"," ","-5.4","","-8.7","","78","","17","","19","","24.1","","98.93","","","","-12","","Mainly Clear"
"2012-02-18 14:00","2012","02","18","14:00"," ","-4.2","","-7.1","","80","","18","","17","","24.1","","98.88","","","","-10","","Mainly Clear"
"2012-02-18 15:00","2012","02","18","15:00"," ","-2.8","","-5.6","","81","","17","","20","","24.1","","98.86","","","","-9","","Mainly Clear"
"2012-02-18 16:00","2012","02","18","16:00"," ","-1.0","","-4.4","","78","","17","","20","","24.1","","98.81","","","","-7","","Mainly Clear"
"2012-02-18 17:00","2012","02","18","17:00"," ","-1.4","","-4.7","","78","","17","","20","","24.1","","98.76","","","","-7","","Mainly Clear"
"2012-02-18 18:00","2012","02","18","18:00"," ","-2.7","","-5.2","","83","","17","","22","","24.1","","98.77","","","","-9","","Clear"
"2012-02-18 19:00","2012","02","18","19:00"," ","-3.2","","-5.6","","83","","17","","22","","24.1","","98.76","","","","-10","","Clear"
"2012-02-18 20:00","2012","02","18","20:00"," ","-2.7","","-5.5","","81","","18","","22","","24.1","","98.76","","","","-9","","Clear"
"2012-02-18 21:00","2012","02","18","21:00"," ","-3.7","","-6.1","","83","","18","","20","","24.1","","98.76","","","","-10","","Clear"
"2012-02-18 22:00","2012","02","18","22:00"," ","-3.8","","-6.4","","82","","18","","22","","24.1","","98.73","","","","-10","","Clear"
"2012-02-18 23:00","2012","02","18","23:00"," ","-4.2","","-6.5","","84","","18","","26","","24.1","","98.70","","","","-11","","Clear"
"2012-02-19 00:00","2012","02","19","00:00"," ","-4.6","","-7.0","","83","","18","","24","","24.1","","98.67","","","","-12","","Clear"
"2012-02-19 01:00","2012","02","19","01:00"," ","-5.1","","-7.4","","84","","18","","20","","24.1","","98.64","","","","-12","","Clear"
"2012-02-19 02:00","2012","02","19","02:00"," ","-5.0","","-7.5","","83","","18","","24","","24.1","","98.62","","","","-12","","Clear"
"2012-02-19 03:00","2012","02","19","03:00"," ","-6.6","","-8.6","","86","","17","","19","","24.1","","98.58","","","","-13","","Clear"
"2012-02-19 04:00","2012","02","19","04:00"," ","-7.0","","-8.8","","87","","17","","20","","24.1","","98.55","","","","-14","","Clear"
"2012-02-19 05:00","2012","02","19","05:00"," ","-7.7","","-9.3","","88","","17","","17","","24.1","","98.53","","","","-14","","Clear"
"2012-02-19 06:00","2012","02","19","06:00"," ","-7.7","","-9.3","","88","","17","","19","","24.1","","98.51","","","","-15","","Clear"
"2012-02-19 07:00","2012","02","19","07:00"," ","-8.0","","-9.6","","88","","17","","19","","24.1","","98.51","","","","-15","","Clear"
"2012-02-19 08:00","2012","02","19","08:00"," ","-8.1","","-9.6","","89","","18","","15","","24.1","","98.51","","","","-14","","Mostly Cloudy"
"2012-02-19 09:00","2012","02","19","09:00"," ","-6.6","","-8.8","","84","","17","","22","","24.1","","98.48","","","","-14","","Mostly Cloudy"
"2012-02-19 10:00","2012","02","19","10:00"," ","-5.1","","-8.1","","79","","18","","22","","24.1","","98.48","","","","-12","","Mostly Cloudy"
"2012-02-19 11:00","2012","02","19","11:00"," ","-2.8","","-6.7","","74","","17","","19","","24.1","","98.44","","","","-9","","Mostly Cloudy"
"2012-02-19 12:00","2012","02","19","12:00"," ","-1.8","","-6.0","","73","","18","","22","","24.1","","98.44","","","","-8","","Cloudy"
"2012-02-19 13:00","2012","02","19","13:00"," ","-0.7","","-4.8","","74","","18","","22","","24.1","","98.38","","","","-6","","Cloudy"
"2012-02-19 14:00","2012","02","19","14:00"," ","0.7","","-3.9","","71","","17","","28","","24.1","","98.28","","","","","","Cloudy"
"2012-02-19 15:00","2012","02","19","15:00"," ","1.3","","-3.4","","71","","17","","19","","24.1","","98.25","","","","","","Cloudy"
"2012-02-19 16:00","2012","02","19","16:00"," ","1.2","","-3.2","","72","","19","","15","","24.1","","98.22","","","","","","Cloudy"
"2012-02-19 17:00","2012","02","19","17:00"," ","0.6","","-3.3","","75","","17","","15","","24.1","","98.23","","","","","","Cloudy"
"2012-02-19 18:00","2012","02","19","18:00"," ","0.3","","-3.3","","77","","18","","20","","24.1","","98.24","","","","","","Cloudy"
"2012-02-19 19:00","2012","02","19","19:00"," ","-0.2","","-3.4","","79","","18","","19","","24.1","","98.24","","","","-5","","Mostly Cloudy"
"2012-02-19 20:00","2012","02","19","20:00"," ","-0.4","","-4.2","","75","","18","","17","","24.1","","98.20","","","","-5","","Mostly Cloudy"
"2012-02-19 21:00","2012","02","19","21:00"," ","-1.2","","-4.6","","78","","17","","17","","24.1","","98.18","","","","-6","","Mostly Cloudy"
"2012-02-19 22:00","2012","02","19","22:00"," ","-1.7","","-5.1","","78","","17","","15","","24.1","","98.15","","","","-7","","Clear"
"2012-02-19 23:00","2012","02","19","23:00"," ","-3.6","","-6.1","","83","","14","","15","","24.1","","98.13","","","","-9","","Clear"
"2012-02-20 00:00","2012","02","20","00:00"," ","-4.2","","-6.5","","84","","16","","13","","24.1","","98.11","","","","-9","","Mainly Clear"
"2012-02-20 01:00","2012","02","20","01:00"," ","-4.8","","-6.7","","87","","16","","11","","24.1","","98.10","","","","-9","","Mostly Cloudy"
"2012-02-20 02:00","2012","02","20","02:00"," ","-3.3","","-5.4","","85","","17","","13","","24.1","","98.07","","","","-8","","Mostly Cloudy"
"2012-02-20 03:00","2012","02","20","03:00"," ","-2.0","","-4.3","","84","","18","","15","","24.1","","98.05","","","","-7","","Mostly Cloudy"
"2012-02-20 04:00","2012","02","20","04:00"," ","-2.1","","-4.1","","86","","18","","15","","24.1","","98.04","","","","-7","","Mostly Cloudy"
"2012-02-20 05:00","2012","02","20","05:00"," ","-2.0","","-4.3","","84","","18","","19","","24.1","","98.05","","","","-8","","Mostly Cloudy"
"2012-02-20 06:00","2012","02","20","06:00"," ","-2.5","","-4.6","","85","","20","","15","","24.1","","98.04","","","","-7","","Mostly Cloudy"
"2012-02-20 07:00","2012","02","20","07:00"," ","-3.1","","-4.9","","87","","18","","15","","24.1","","98.04","","","","-8","","Mostly Cloudy"
"2012-02-20 08:00","2012","02","20","08:00"," ","-2.8","","-4.4","","89","","18","","15","","24.1","","98.06","","","","-8","","Cloudy"
"2012-02-20 09:00","2012","02","20","09:00"," ","-1.8","","-3.7","","87","","21","","11","","24.1","","98.06","","","","-6","","Cloudy"
"2012-02-20 10:00","2012","02","20","10:00"," ","-1.3","","-3.8","","83","","21","","15","","24.1","","98.03","","","","-6","","Cloudy"
"2012-02-20 11:00","2012","02","20","11:00"," ","-0.2","","-3.2","","80","","17","","17","","24.1","","98.01","","","","-5","","Cloudy"
"2012-02-20 12:00","2012","02","20","12:00"," ","1.1","","-2.7","","76","","19","","9","","24.1","","97.99","","","","","","Cloudy"
"2012-02-20 13:00","2012","02","20","13:00"," ","0.6","","-2.0","","83","","17","","15","","24.1","","97.96","","","","","","Cloudy"
"2012-02-20 14:00","2012","02","20","14:00"," ","1.4","","-1.4","","82","","17","","17","","24.1","","97.88","","","","","","Cloudy"
"2012-02-20 15:00","2012","02","20","15:00"," ","1.8","","-0.9","","82","","18","","11","","24.1","","97.84","","","","","","Cloudy"
"2012-02-20 16:00","2012","02","20","16:00"," ","1.5","","-0.3","","88","","17","","13","","24.1","","97.79","","","","","","Cloudy"
"2012-02-20 17:00","2012","02","20","17:00"," ","1.6","","0.0","","89","","17","","13","","24.1","","97.74","","","","","","Cloudy"
"2012-02-20 18:00","2012","02","20","18:00"," ","1.6","","0.0","","89","","14","","15","","24.1","","97.72","","","","","","Cloudy"
"2012-02-20 19:00","2012","02","20","19:00"," ","1.3","","0.3","","93","","17","","6","","24.1","","97.73","","","","","","Cloudy"
"2012-02-20 20:00","2012","02","20","20:00"," ","0.9","","0.4","","96","","20","","6","","9.7","","97.64","","","","","","Fog"
"2012-02-20 21:00","2012","02","20","21:00"," ","0.8","","0.7","","99","","26","","4","","8.0","","97.58","","","","","","Fog"
"2012-02-20 22:00","2012","02","20","22:00"," ","0.3","","0.3","","100","","4","","4","","4.8","","97.53","","","","","","Drizzle,Fog"
"2012-02-20 23:00","2012","02","20","23:00"," ","-0.1","","-0.1","","100","","32","","11","","3.2","","97.45","","","","-4","","Snow,Fog"
"2012-02-21 00:00","2012","02","21","00:00"," ","-0.2","","-0.2","","100","","33","","11","","0.4","","97.34","","","","-4","","Snow,Freezing Fog"
"2012-02-21 01:00","2012","02","21","01:00"," ","-0.8","","-0.8","","100","","34","","15","","3.2","","97.28","","","","-5","","Snow,Fog"
"2012-02-21 02:00","2012","02","21","02:00"," ","-0.7","","-0.7","","100","","34","","19","","4.8","","97.21","","","","-6","","Snow,Fog"
"2012-02-21 03:00","2012","02","21","03:00"," ","-0.2","","-0.2","","100","","33","","20","","3.2","","97.13","","","","-5","","Snow,Fog"
"2012-02-21 04:00","2012","02","21","04:00"," ","-1.0","","-1.0","","100","","34","","22","","8.0","","97.07","","","","-7","","Snow,Fog"
"2012-02-21 05:00","2012","02","21","05:00"," ","-2.5","","-2.8","","98","","31","","17","","6.4","","97.06","","","","-8","","Snow"
"2012-02-21 06:00","2012","02","21","06:00"," ","-4.9","","-5.4","","96","","30","","28","","1.6","","97.07","","","","-13","","Snow"
"2012-02-21 07:00","2012","02","21","07:00"," ","-4.8","","-5.5","","95","","32","","30","","3.2","","97.05","","","","-13","","Snow"
"2012-02-21 08:00","2012","02","21","08:00"," ","-5.7","","-6.4","","95","","32","","32","","3.2","","97.04","","","","-14","","Snow"
"2012-02-21 09:00","2012","02","21","09:00"," ","-6.7","","-7.7","","93","","32","","37","","3.2","","97.04","","","","-16","","Snow"
"2012-02-21 10:00","2012","02","21","10:00"," ","-6.6","","-7.6","","93","","32","","39","","2.4","","97.05","","","","-16","","Snow"
"2012-02-21 11:00","2012","02","21","11:00"," ","-5.8","","-6.9","","92","","32","","28","","4.0","","97.04","","","","-14","","Snow"
"2012-02-21 12:00","2012","02","21","12:00"," ","-5.1","","-6.2","","92","","32","","30","","2.4","","97.01","","","","-13","","Snow"
"2012-02-21 13:00","2012","02","21","13:00"," ","-5.1","","-6.1","","93","","31","","28","","3.2","","96.98","","","","-13","","Snow"
"2012-02-21 14:00","2012","02","21","14:00"," ","-5.7","","-6.8","","92","","31","","32","","6.4","","96.99","","","","-14","","Snow,Fog"
"2012-02-21 15:00","2012","02","21","15:00"," ","-5.9","","-7.0","","92","","31","","32","","6.4","","97.01","","","","-14","","Snow,Fog"
"2012-02-21 16:00","2012","02","21","16:00"," ","-5.7","","-7.0","","91","","31","","26","","12.9","","97.04","","","","-13","","Cloudy"
"2012-02-21 17:00","2012","02","21","17:00"," ","-5.4","","-6.9","","89","","32","","33","","24.1","","97.09","","","","-14","","Cloudy"
"2012-02-21 18:00","2012","02","21","18:00"," ","-5.4","","-7.0","","88","","33","","33","","24.1","","97.09","","","","-14","","Cloudy"
"2012-02-21 19:00","2012","02","21","19:00"," ","-5.2","","-6.8","","88","","33","","32","","24.1","","97.10","","","","-13","","Cloudy"
"2012-02-21 20:00","2012","02","21","20:00"," ","-5.1","","-6.8","","88","","33","","22","","24.1","","97.10","","","","-12","","Snow"
"2012-02-21 21:00","2012","02","21","21:00"," ","-5.2","","-6.7","","89","","32","","22","","24.1","","97.16","","","","-12","","Cloudy"
"2012-02-21 22:00","2012","02","21","22:00"," ","-5.4","","-7.0","","88","","31","","22","","24.1","","97.17","","","","-12","","Cloudy"
"2012-02-21 23:00","2012","02","21","23:00"," ","-5.4","","-7.1","","88","","32","","20","","24.1","","97.13","","","","-12","","Cloudy"
"2012-02-22 00:00","2012","02","22","00:00"," ","-5.6","","-7.4","","87","","34","","15","","24.1","","97.08","","","","-11","","Cloudy"
"2012-02-22 01:00","2012","02","22","01:00"," ","-5.7","","-7.5","","87","","36","","9","","24.1","","97.05","","","","-10","","Cloudy"
"2012-02-22 02:00","2012","02","22","02:00"," ","-6.1","","-7.6","","89","","32","","13","","24.1","","97.05","","","","-11","","Cloudy"
"2012-02-22 03:00","2012","02","22","03:00"," ","-6.5","","-7.8","","90","","34","","9","","24.1","","97.02","","","","-11","","Cloudy"
"2012-02-22 04:00","2012","02","22","04:00"," ","-6.8","","-8.3","","89","","34","","7","","24.1","","96.98","","","","-10","","Cloudy"
"2012-02-22 05:00","2012","02","22","05:00"," ","-6.8","","-7.9","","92","","30","","6","","24.1","","96.97","","","","-10","","Cloudy"
"2012-02-22 06:00","2012","02","22","06:00"," ","-6.8","","-7.6","","94","","32","","6","","19.3","","96.95","","","","-10","","Snow"
"2012-02-22 07:00","2012","02","22","07:00"," ","-6.8","","-7.7","","93","","30","","7","","19.3","","96.96","","","","-10","","Snow"
"2012-02-22 08:00","2012","02","22","08:00"," ","-6.8","","-7.7","","93","","30","","4","","19.3","","96.99","","","","-9","","Snow"
"2012-02-22 09:00","2012","02","22","09:00"," ","-6.3","","-7.7","","90","","","","0","","19.3","","96.95","","","","","","Snow"
"2012-02-22 10:00","2012","02","22","10:00"," ","-5.8","","-7.8","","86","","7","","9","","19.3","","96.91","","","","-10","","Snow"
"2012-02-22 11:00","2012","02","22","11:00"," ","-4.7","","-7.7","","79","","","","0","","19.3","","96.91","","","","","","Snow"
"2012-02-22 12:00","2012","02","22","12:00"," ","-4.7","","-7.5","","81","","32","","6","","19.3","","96.85","","","","-7","","Snow"
"2012-02-22 13:00","2012","02","22","13:00"," ","-4.0","","-7.4","","77","","30","","6","","24.1","","96.82","","","","-7","","Mostly Cloudy"
"2012-02-22 14:00","2012","02","22","14:00"," ","-3.4","","-7.5","","73","","30","","7","","24.1","","96.77","","","","-6","","Mainly Clear"
"2012-02-22 15:00","2012","02","22","15:00"," ","-3.3","","-8.1","","69","","33","","7","","24.1","","96.77","","","","-6","","Mainly Clear"
"2012-02-22 16:00","2012","02","22","16:00"," ","-3.3","","-8.0","","70","","4","","6","","24.1","","96.73","","","","-6","","Mostly Cloudy"
"2012-02-22 17:00","2012","02","22","17:00"," ","-3.3","","-8.5","","67","","10","","6","","24.1","","96.69","","","","-6","","Mainly Clear"
"2012-02-22 18:00","2012","02","22","18:00"," ","-5.1","","-7.3","","85","","13","","13","","24.1","","96.73","","","","-10","","Mainly Clear"
"2012-02-22 19:00","2012","02","22","19:00"," ","-5.6","","-7.6","","86","","15","","9","","24.1","","96.79","","","","-10","","Mostly Cloudy"
"2012-02-22 20:00","2012","02","22","20:00"," ","-5.6","","-7.3","","88","","15","","13","","24.1","","96.77","","","","-11","","Mostly Cloudy"
"2012-02-22 21:00","2012","02","22","21:00"," ","-7.3","","-8.8","","89","","15","","15","","24.1","","96.80","","","","-13","","Mainly Clear"
"2012-02-22 22:00","2012","02","22","22:00"," ","-5.7","","-7.5","","87","","15","","13","","24.1","","96.85","","","","-11","","Cloudy"
"2012-02-22 23:00","2012","02","22","23:00"," ","-5.1","","-7.1","","86","","15","","13","","24.1","","96.87","","","","-10","","Cloudy"
"2012-02-23 00:00","2012","02","23","00:00"," ","-4.5","","-6.6","","85","","16","","17","","24.1","","96.85","","","","-10","","Cloudy"
"2012-02-23 01:00","2012","02","23","01:00"," ","-4.6","","-6.6","","86","","17","","13","","24.1","","96.89","","","","-10","","Cloudy"
"2012-02-23 02:00","2012","02","23","02:00"," ","-4.7","","-6.6","","87","","18","","17","","24.1","","96.90","","","","-11","","Cloudy"
"2012-02-23 03:00","2012","02","23","03:00"," ","-5.1","","-6.7","","89","","17","","15","","24.1","","96.93","","","","-11","","Cloudy"
"2012-02-23 04:00","2012","02","23","04:00"," ","-5.4","","-6.7","","91","","17","","11","","24.1","","96.97","","","","-10","","Mostly Cloudy"
"2012-02-23 05:00","2012","02","23","05:00"," ","-5.4","","-6.6","","91","","19","","15","","14.5","","97.00","","","","-11","","Cloudy"
"2012-02-23 06:00","2012","02","23","06:00"," ","-4.8","","-6.0","","91","","18","","24","","24.1","","96.99","","","","-12","","Cloudy"
"2012-02-23 07:00","2012","02","23","07:00"," ","-5.0","","-6.3","","91","","18","","22","","24.1","","97.07","","","","-12","","Cloudy"
"2012-02-23 08:00","2012","02","23","08:00"," ","-5.4","","-6.6","","91","","17","","15","","12.9","","97.10","","","","-11","","Mostly Cloudy"
"2012-02-23 09:00","2012","02","23","09:00"," ","-5.1","","-6.7","","89","","18","","24","","24.1","","97.11","","","","-12","","Mostly Cloudy"
"2012-02-23 10:00","2012","02","23","10:00"," ","-5.1","","-6.4","","91","","20","","19","","2.4","","97.20","","","","-12","","Snow"
"2012-02-23 11:00","2012","02","23","11:00"," ","-4.9","","-6.1","","91","","19","","15","","4.8","","97.23","","","","-10","","Snow"
"2012-02-23 12:00","2012","02","23","12:00"," ","-4.5","","-5.3","","94","","20","","9","","1.6","","97.30","","","","-8","","Snow Showers,Fog"
"2012-02-23 13:00","2012","02","23","13:00"," ","-3.1","","-4.3","","91","","25","","6","","16.1","","97.35","","","","-6","","Snow"
"2012-02-23 14:00","2012","02","23","14:00"," ","-4.2","","-6.3","","85","","33","","22","","24.1","","97.44","","","","-11","","Snow"
"2012-02-23 15:00","2012","02","23","15:00"," ","-5.4","","-7.6","","84","","31","","28","","16.1","","97.53","","","","-13","","Snow"
"2012-02-23 16:00","2012","02","23","16:00"," ","-6.2","","-10.1","","74","","31","","30","","16.1","","97.62","","","","-15","","Snow"
"2012-02-23 17:00","2012","02","23","17:00"," ","-6.6","","-10.2","","76","","30","","28","","24.1","","97.67","","","","-15","","Mostly Cloudy"
"2012-02-23 18:00","2012","02","23","18:00"," ","-9.7","","-12.6","","79","","30","","20","","24.1","","97.77","","","","-17","","Mostly Cloudy"
"2012-02-23 19:00","2012","02","23","19:00"," ","-9.5","","-12.6","","78","","32","","26","","24.1","","97.87","","","","-18","","Mostly Cloudy"
"2012-02-23 20:00","2012","02","23","20:00"," ","-10.6","","-13.0","","82","","30","","20","","24.1","","97.92","","","","-19","","Mostly Cloudy"
"2012-02-23 21:00","2012","02","23","21:00"," ","-11.2","","-13.2","","85","","32","","19","","24.1","","97.97","","","","-19","","Mainly Clear"
"2012-02-23 22:00","2012","02","23","22:00"," ","-12.6","","-14.4","","86","","32","","15","","24.1","","98.00","","","","-20","","Mainly Clear"
"2012-02-23 23:00","2012","02","23","23:00"," ","-14.6","","-15.6","","92","","30","","11","","24.1","","98.03","","","","-21","","Mainly Clear"
"2012-02-24 00:00","2012","02","24","00:00"," ","-14.0","","-15.6","","88","","30","","20","","24.1","","98.07","","","","-23","","Mainly Clear"
"2012-02-24 01:00","2012","02","24","01:00"," ","-13.3","","-14.9","","88","","30","","22","","24.1","","98.09","","","","-22","","Mostly Cloudy"
"2012-02-24 02:00","2012","02","24","02:00"," ","-14.3","","-15.8","","88","","29","","20","","24.1","","98.11","","","","-23","","Mainly Clear"
"2012-02-24 03:00","2012","02","24","03:00"," ","-14.5","","-16.0","","88","","30","","20","","24.1","","98.12","","","","-24","","Mainly Clear"
"2012-02-24 04:00","2012","02","24","04:00"," ","-14.6","","-16.0","","89","","30","","24","","24.1","","98.12","","","","-24","","Mainly Clear"
"2012-02-24 05:00","2012","02","24","05:00"," ","-13.6","","-15.0","","89","","30","","28","","9.7","","98.18","","","","-24","","Snow Showers"
"2012-02-24 06:00","2012","02","24","06:00"," ","-13.2","","-14.7","","88","","30","","33","","6.4","","98.19","","","","-24","","Snow Showers"
"2012-02-24 07:00","2012","02","24","07:00"," ","-13.1","","-14.3","","91","","30","","32","","1.6","","98.26","","","","-24","","Snow"
"2012-02-24 08:00","2012","02","24","08:00"," ","-13.3","","-14.6","","90","","31","","32","","1.2","","98.34","","","","-24","","Snow"
"2012-02-24 09:00","2012","02","24","09:00"," ","-13.1","","-14.6","","88","","32","","35","","3.2","","98.41","","","","-24","","Snow"
"2012-02-24 10:00","2012","02","24","10:00"," ","-12.8","","-14.3","","88","","33","","35","","1.6","","98.48","","","","-24","","Snow"
"2012-02-24 11:00","2012","02","24","11:00"," ","-12.4","","-14.1","","87","","33","","37","","3.2","","98.53","","","","-24","","Snow"
"2012-02-24 12:00","2012","02","24","12:00"," ","-11.7","","-13.6","","86","","32","","35","","3.2","","98.61","","","","-22","","Snow"
"2012-02-24 13:00","2012","02","24","13:00"," ","-10.9","","-12.5","","88","","33","","37","","1.6","","98.66","","","","-22","","Snow,Blowing Snow"
"2012-02-24 14:00","2012","02","24","14:00"," ","-10.0","","-12.3","","83","","33","","35","","4.0","","98.72","","","","-20","","Snow"
"2012-02-24 15:00","2012","02","24","15:00"," ","-9.7","","-12.7","","79","","33","","35","","16.1","","98.80","","","","-20","","Snow"
"2012-02-24 16:00","2012","02","24","16:00"," ","-9.4","","-12.8","","76","","33","","28","","24.1","","98.90","","","","-18","","Mostly Cloudy"
"2012-02-24 17:00","2012","02","24","17:00"," ","-9.9","","-13.4","","76","","32","","26","","24.1","","98.98","","","","-19","","Mainly Clear"
"2012-02-24 18:00","2012","02","24","18:00"," ","-12.5","","-15.1","","81","","32","","19","","24.1","","99.08","","","","-21","","Mainly Clear"
"2012-02-24 19:00","2012","02","24","19:00"," ","-12.1","","-14.8","","80","","31","","15","","24.1","","99.14","","","","-19","","Mainly Clear"
"2012-02-24 20:00","2012","02","24","20:00"," ","-13.9","","-16.0","","84","","32","","20","","24.1","","99.19","","","","-23","","Clear"
"2012-02-24 21:00","2012","02","24","21:00"," ","-16.7","","-18.4","","87","","32","","11","","24.1","","99.26","","","","-24","","Clear"
"2012-02-24 22:00","2012","02","24","22:00"," ","-16.7","","-17.6","","93","","33","","6","","24.1","","99.30","","","","-21","","Clear"
"2012-02-24 23:00","2012","02","24","23:00"," ","-18.0","","-18.8","","93","","34","","7","","24.1","","99.34","","","","-23","","Clear"
"2012-02-25 00:00","2012","02","25","00:00"," ","-18.4","","-19.7","","89","","30","","11","","24.1","","99.39","","","","-26","","Clear"
"2012-02-25 01:00","2012","02","25","01:00"," ","-20.3","","-21.1","","93","","32","","9","","24.1","","99.35","","","","-27","","Clear"
"2012-02-25 02:00","2012","02","25","02:00"," ","-20.2","","-21.0","","93","","30","","11","","24.1","","99.38","","","","-28","","Clear"
"2012-02-25 03:00","2012","02","25","03:00"," ","-21.2","","-21.6","","97","","28","","4","","24.1","","99.39","","","","-25","","Clear"
"2012-02-25 04:00","2012","02","25","04:00"," ","-23.0","","-23.2","","98","","31","","7","","24.1","","99.39","","","","-29","","Clear"
"2012-02-25 05:00","2012","02","25","05:00"," ","-21.3","","-22.4","","91","","26","","6","","24.1","","99.41","","","","-27","","Clear"
"2012-02-25 06:00","2012","02","25","06:00"," ","-21.8","","-22.5","","94","","","","0","","24.1","","99.40","","","","","","Clear"
"2012-02-25 07:00","2012","02","25","07:00"," ","-21.4","","-22.4","","92","","","","0","","24.1","","99.39","","","","","","Clear"
"2012-02-25 08:00","2012","02","25","08:00"," ","-22.3","","-22.8","","96","","","","0","","24.1","","99.43","","","","","","Clear"
"2012-02-25 09:00","2012","02","25","09:00"," ","-19.4","","-19.4","","100","","","","0","","24.1","","99.47","","","","","","Clear"
"2012-02-25 10:00","2012","02","25","10:00"," ","-13.4","","-14.8","","89","","14","","4","","24.1","","99.47","","","","-16","","Mainly Clear"
"2012-02-25 11:00","2012","02","25","11:00"," ","-11.2","","-16.3","","66","","15","","7","","24.1","","99.44","","","","-15","","Mainly Clear"
"2012-02-25 12:00","2012","02","25","12:00"," ","-10.6","","-16.1","","64","","17","","9","","24.1","","99.42","","","","-16","","Mainly Clear"
"2012-02-25 13:00","2012","02","25","13:00"," ","-10.4","","-15.6","","66","","9","","15","","24.1","","99.35","","","","-17","","Clear"
"2012-02-25 14:00","2012","02","25","14:00"," ","-10.3","","-16.0","","63","","11","","11","","24.1","","99.27","","","","-16","","Mainly Clear"
"2012-02-25 15:00","2012","02","25","15:00"," ","-9.6","","-15.0","","65","","10","","13","","24.1","","99.24","","","","-16","","Mostly Cloudy"
"2012-02-25 16:00","2012","02","25","16:00"," ","-9.4","","-14.9","","64","","9","","13","","24.1","","99.21","","","","-15","","Mostly Cloudy"
"2012-02-25 17:00","2012","02","25","17:00"," ","-9.4","","-14.3","","67","","9","","13","","24.1","","99.19","","","","-15","","Mostly Cloudy"
"2012-02-25 18:00","2012","02","25","18:00"," ","-10.8","","-14.6","","74","","5","","15","","24.1","","99.14","","","","-18","","Mostly Cloudy"
"2012-02-25 19:00","2012","02","25","19:00"," ","-11.1","","-14.5","","76","","6","","13","","24.1","","99.17","","","","-18","","Mostly Cloudy"
"2012-02-25 20:00","2012","02","25","20:00"," ","-12.0","","-14.9","","79","","6","","17","","24.1","","99.19","","","","-20","","Mostly Cloudy"
"2012-02-25 21:00","2012","02","25","21:00"," ","-12.3","","-14.8","","82","","6","","17","","24.1","","99.19","","","","-20","","Cloudy"
"2012-02-25 22:00","2012","02","25","22:00"," ","-11.5","","-14.1","","81","","8","","11","","24.1","","99.18","","","","-17","","Mostly Cloudy"
"2012-02-25 23:00","2012","02","25","23:00"," ","-10.4","","-13.4","","79","","8","","19","","24.1","","99.13","","","","-18","","Cloudy"
"2012-02-26 00:00","2012","02","26","00:00"," ","-10.4","","-13.7","","77","","9","","20","","24.1","","99.10","","","","-18","","Cloudy"
"2012-02-26 01:00","2012","02","26","01:00"," ","-10.7","","-13.8","","78","","8","","24","","24.1","","99.02","","","","-19","","Snow"
"2012-02-26 02:00","2012","02","26","02:00"," ","-11.0","","-14.2","","77","","8","","20","","24.1","","98.99","","","","-19","","Snow"
"2012-02-26 03:00","2012","02","26","03:00"," ","-11.6","","-14.0","","82","","8","","24","","4.8","","98.94","","","","-21","","Snow"
"2012-02-26 04:00","2012","02","26","04:00"," ","-11.8","","-13.6","","86","","7","","24","","3.2","","98.87","","","","-21","","Snow"
"2012-02-26 05:00","2012","02","26","05:00"," ","-11.8","","-13.4","","88","","7","","26","","4.0","","98.82","","","","-21","","Snow"
"2012-02-26 06:00","2012","02","26","06:00"," ","-11.8","","-13.4","","88","","6","","22","","4.0","","98.78","","","","-21","","Snow"
"2012-02-26 07:00","2012","02","26","07:00"," ","-12.0","","-13.5","","89","","6","","26","","3.2","","98.78","","","","-22","","Snow"
"2012-02-26 08:00","2012","02","26","08:00"," ","-12.0","","-13.6","","88","","5","","28","","2.4","","98.81","","","","-22","","Snow"
"2012-02-26 09:00","2012","02","26","09:00"," ","-11.8","","-13.3","","89","","4","","28","","3.2","","98.78","","","","-22","","Snow"
"2012-02-26 10:00","2012","02","26","10:00"," ","-11.6","","-13.1","","89","","4","","26","","3.2","","98.84","","","","-21","","Snow"
"2012-02-26 11:00","2012","02","26","11:00"," ","-11.2","","-12.6","","89","","4","","28","","1.6","","98.83","","","","-21","","Snow"
"2012-02-26 12:00","2012","02","26","12:00"," ","-11.0","","-12.3","","90","","3","","35","","2.0","","98.85","","","","-22","","Snow"
"2012-02-26 13:00","2012","02","26","13:00"," ","-11.1","","-12.5","","89","","3","","35","","2.4","","98.84","","","","-22","","Snow"
"2012-02-26 14:00","2012","02","26","14:00"," ","-10.6","","-12.1","","89","","2","","41","","3.2","","98.84","","","","-22","","Snow,Blowing Snow"
"2012-02-26 15:00","2012","02","26","15:00"," ","-10.1","","-12.1","","85","","2","","46","","8.0","","98.87","","","","-22","","Snow,Blowing Snow"
"2012-02-26 16:00","2012","02","26","16:00"," ","-9.6","","-11.6","","85","","2","","35","","8.0","","98.94","","","","-20","","Snow,Blowing Snow"
"2012-02-26 17:00","2012","02","26","17:00"," ","-9.7","","-11.4","","87","","2","","37","","4.8","","99.05","","","","-20","","Snow,Blowing Snow"
"2012-02-26 18:00","2012","02","26","18:00"," ","-10.0","","-11.7","","87","","1","","35","","9.7","","99.14","","","","-20","","Snow,Blowing Snow"
"2012-02-26 19:00","2012","02","26","19:00"," ","-10.6","","-12.6","","85","","1","","33","","12.9","","99.24","","","","-21","","Mostly Cloudy"
"2012-02-26 20:00","2012","02","26","20:00"," ","-11.0","","-12.9","","86","","36","","30","","12.9","","99.32","","","","-21","","Mostly Cloudy"
"2012-02-26 21:00","2012","02","26","21:00"," ","-10.9","","-13.6","","80","","36","","26","","12.9","","99.39","","","","-20","","Cloudy"
"2012-02-26 22:00","2012","02","26","22:00"," ","-12.0","","-14.1","","84","","35","","22","","12.9","","99.46","","","","-21","","Mostly Cloudy"
"2012-02-26 23:00","2012","02","26","23:00"," ","-13.5","","-16.2","","80","","34","","22","","16.1","","99.55","","","","-23","","Mainly Clear"
"2012-02-27 00:00","2012","02","27","00:00"," ","-14.5","","-16.7","","83","","34","","15","","24.1","","99.59","","","","-22","","Mainly Clear"
"2012-02-27 01:00","2012","02","27","01:00"," ","-15.1","","-17.0","","85","","33","","19","","16.1","","99.69","","","","-24","","Snow"
"2012-02-27 02:00","2012","02","27","02:00"," ","-16.2","","-18.4","","83","","33","","19","","16.1","","99.72","","","","-25","","Snow"
"2012-02-27 03:00","2012","02","27","03:00"," ","-17.6","","-20.1","","81","","33","","22","","19.3","","99.79","","","","-28","","Snow"
"2012-02-27 04:00","2012","02","27","04:00"," ","-19.5","","-21.5","","84","","32","","20","","24.1","","99.87","","","","-30","","Mainly Clear"
"2012-02-27 05:00","2012","02","27","05:00"," ","-20.2","","-22.1","","85","","31","","13","","24.1","","99.93","","","","-29","","Mainly Clear"
"2012-02-27 06:00","2012","02","27","06:00"," ","-21.4","","-22.8","","88","","32","","9","","24.1","","99.95","","","","-28","","Mostly Cloudy"
"2012-02-27 07:00","2012","02","27","07:00"," ","-22.3","","-23.7","","88","","30","","15","","24.1","","99.99","","","","-32","","Mostly Cloudy"
"2012-02-27 08:00","2012","02","27","08:00"," ","-22.3","","-23.8","","88","","31","","13","","24.1","","100.05","","","","-31","","Mainly Clear"
"2012-02-27 09:00","2012","02","27","09:00"," ","-21.5","","-30.2","","45","","30","","9","","24.1","","100.08","","","","-29","","Mainly Clear"
"2012-02-27 10:00","2012","02","27","10:00"," ","-20.0","","-26.0","","59","","31","","7","","24.1","","100.11","","","","-26","","Mainly Clear"
"2012-02-27 11:00","2012","02","27","11:00"," ","-18.5","","-23.9","","62","","29","","7","","24.1","","100.11","","","","-24","","Mainly Clear"
"2012-02-27 12:00","2012","02","27","12:00"," ","-16.7","","-21.9","","64","","32","","7","","24.1","","100.06","","","","-22","","Mainly Clear"
"2012-02-27 13:00","2012","02","27","13:00"," ","-15.7","","-20.7","","65","","30","","9","","24.1","","100.03","","","","-22","","Mainly Clear"
"2012-02-27 14:00","2012","02","27","14:00"," ","-13.6","","-19.4","","62","","28","","13","","24.1","","100.02","","","","-21","","Mainly Clear"
"2012-02-27 15:00","2012","02","27","15:00"," ","-12.8","","-20.2","","54","","21","","13","","24.1","","99.96","","","","-20","","Mainly Clear"
"2012-02-27 16:00","2012","02","27","16:00"," ","-12.2","","-20.9","","48","","21","","11","","24.1","","99.90","","","","-18","","Mainly Clear"
"2012-02-27 17:00","2012","02","27","17:00"," ","-12.9","","-20.0","","55","","19","","15","","24.1","","99.87","","","","-20","","Mainly Clear"
"2012-02-27 18:00","2012","02","27","18:00"," ","-14.9","","-20.2","","64","","18","","20","","24.1","","99.85","","","","-24","","Mainly Clear"
"2012-02-27 19:00","2012","02","27","19:00"," ","-16.2","","-20.7","","68","","18","","20","","24.1","","99.79","","","","-26","","Mainly Clear"
"2012-02-27 20:00","2012","02","27","20:00"," ","-16.7","","-21.2","","68","","18","","19","","24.1","","99.70","","","","-26","","Mostly Cloudy"
"2012-02-27 21:00","2012","02","27","21:00"," ","-16.7","","-21.0","","69","","18","","20","","24.1","","99.67","","","","-26","","Mainly Clear"
"2012-02-27 22:00","2012","02","27","22:00"," ","-16.3","","-20.4","","71","","18","","17","","24.1","","99.66","","","","-25","","Mainly Clear"
"2012-02-27 23:00","2012","02","27","23:00"," ","-16.7","","-20.4","","73","","18","","20","","24.1","","99.63","","","","-26","","Clear"
"2012-02-28 00:00","2012","02","28","00:00"," ","-17.3","","-20.5","","76","","17","","17","","24.1","","99.61","","","","-26","","Clear"
"2012-02-28 01:00","2012","02","28","01:00"," ","-16.8","","-19.9","","77","","18","","17","","24.1","","99.58","","","","-26","","Clear"
"2012-02-28 02:00","2012","02","28","02:00"," ","-17.3","","-20.1","","79","","16","","15","","24.1","","99.50","","","","-26","","Clear"
"2012-02-28 03:00","2012","02","28","03:00"," ","-16.7","","-19.2","","81","","18","","20","","24.1","","99.46","","","","-26","","Clear"
"2012-02-28 04:00","2012","02","28","04:00"," ","-16.6","","-18.9","","82","","18","","15","","24.1","","99.40","","","","-25","","Clear"
"2012-02-28 05:00","2012","02","28","05:00"," ","-16.4","","-18.9","","81","","17","","19","","24.1","","99.34","","","","-26","","Clear"
"2012-02-28 06:00","2012","02","28","06:00"," ","-16.7","","-19.3","","80","","17","","17","","24.1","","99.32","","","","-26","","Clear"
"2012-02-28 07:00","2012","02","28","07:00"," ","-17.0","","-19.9","","78","","17","","15","","24.1","","99.30","","","","-25","","Mainly Clear"
"2012-02-28 08:00","2012","02","28","08:00"," ","-16.4","","-19.0","","80","","17","","7","","24.1","","99.27","","","","-21","","Clear"
"2012-02-28 09:00","2012","02","28","09:00"," ","-14.6","","-17.7","","77","","16","","9","","24.1","","99.25","","","","-20","","Clear"
"2012-02-28 10:00","2012","02","28","10:00"," ","-11.4","","-15.3","","73","","17","","11","","24.1","","99.21","","","","-17","","Mainly Clear"
"2012-02-28 11:00","2012","02","28","11:00"," ","-8.6","","-13.5","","68","","18","","6","","24.1","","99.18","","","","-12","","Mainly Clear"
"2012-02-28 12:00","2012","02","28","12:00"," ","-6.9","","-13.2","","61","","15","","6","","24.1","","99.11","","","","-10","","Clear"
"2012-02-28 13:00","2012","02","28","13:00"," ","-5.3","","-11.0","","64","","","","0","","24.1","","99.05","","","","","","Clear"
"2012-02-28 14:00","2012","02","28","14:00"," ","-6.6","","-11.1","","70","","1","","9","","24.1","","99.03","","","","-11","","Mainly Clear"
"2012-02-28 15:00","2012","02","28","15:00"," ","-6.4","","-10.6","","72","","34","","9","","24.1","","98.99","","","","-11","","Mainly Clear"
"2012-02-28 16:00","2012","02","28","16:00"," ","-6.1","","-9.9","","74","","1","","13","","24.1","","98.92","","","","-11","","Mainly Clear"
"2012-02-28 17:00","2012","02","28","17:00"," ","-6.8","","-11.0","","72","","3","","17","","24.1","","98.84","","","","-13","","Mainly Clear"
"2012-02-28 18:00","2012","02","28","18:00"," ","-8.2","","-11.9","","75","","3","","15","","24.1","","98.83","","","","-15","","Mostly Cloudy"
"2012-02-28 19:00","2012","02","28","19:00"," ","-10.2","","-12.8","","81","","3","","7","","24.1","","98.90","","","","-14","","Mainly Clear"
"2012-02-28 20:00","2012","02","28","20:00"," ","-10.7","","-13.7","","79","","5","","15","","24.1","","98.87","","","","-18","","Mainly Clear"
"2012-02-28 21:00","2012","02","28","21:00"," ","-11.5","","-14.1","","81","","5","","9","","24.1","","98.83","","","","-17","","Mainly Clear"
"2012-02-28 22:00","2012","02","28","22:00"," ","-12.8","","-15.0","","84","","4","","13","","24.1","","98.75","","","","-20","","Mainly Clear"
"2012-02-28 23:00","2012","02","28","23:00"," ","-13.5","","-15.0","","88","","4","","11","","24.1","","98.72","","","","-20","","Mainly Clear"
"2012-02-29 00:00","2012","02","29","00:00"," ","-13.3","","-14.6","","90","","4","","13","","24.1","","98.65","","","","-20","","Mainly Clear"
"2012-02-29 01:00","2012","02","29","01:00"," ","-13.5","","-14.5","","92","","4","","11","","24.1","","98.55","","","","-20","","Mainly Clear"
"2012-02-29 02:00","2012","02","29","02:00"," ","-14.1","","-14.9","","94","","3","","13","","24.1","","98.50","","","","-21","","Clear"
"2012-02-29 03:00","2012","02","29","03:00"," ","-14.8","","-15.6","","94","","1","","13","","16.1","","98.42","","","","-22","","Clear"
"2012-02-29 04:00","2012","02","29","04:00"," ","-15.0","","-15.7","","94","","5","","11","","19.3","","98.39","","","","-22","","Clear"
"2012-02-29 05:00","2012","02","29","05:00"," ","-14.5","","-15.0","","96","","3","","13","","24.1","","98.37","","","","-22","","Clear"
"2012-02-29 06:00","2012","02","29","06:00"," ","-14.6","","-15.3","","94","","3","","19","","24.1","","98.36","","","","-23","","Mainly Clear"
"2012-02-29 07:00","2012","02","29","07:00"," ","-13.4","","-14.2","","94","","3","","24","","24.1","","98.31","","","","-23","","Mainly Clear"
"2012-02-29 08:00","2012","02","29","08:00"," ","-13.4","","-14.3","","93","","3","","22","","24.1","","98.28","","","","-23","","Mostly Cloudy"
"2012-02-29 09:00","2012","02","29","09:00"," ","-12.5","","-13.4","","93","","4","","17","","24.1","","98.27","","","","-20","","Mostly Cloudy"
"2012-02-29 10:00","2012","02","29","10:00"," ","-10.3","","-11.7","","89","","5","","17","","24.1","","98.25","","","","-18","","Mostly Cloudy"
"2012-02-29 11:00","2012","02","29","11:00"," ","-7.7","","-10.0","","84","","4","","13","","24.1","","98.22","","","","-13","","Mostly Cloudy"
"2012-02-29 12:00","2012","02","29","12:00"," ","-5.9","","-8.8","","80","","5","","13","","24.1","","98.17","","","","-11","","Mostly Cloudy"
"2012-02-29 13:00","2012","02","29","13:00"," ","-3.6","","-8.2","","70","","7","","13","","24.1","","98.13","","","","-8","","Mostly Cloudy"
"2012-02-29 14:00","2012","02","29","14:00"," ","-2.4","","-7.2","","70","","6","","13","","24.1","","98.04","","","","-7","","Mostly Cloudy"
"2012-02-29 15:00","2012","02","29","15:00"," ","-1.9","","-7.0","","68","","6","","20","","24.1","","97.99","","","","-8","","Cloudy"
"2012-02-29 16:00","2012","02","29","16:00"," ","-2.8","","-6.4","","76","","34","","9","","24.1","","98.01","","","","-6","","Cloudy"
"2012-02-29 17:00","2012","02","29","17:00"," ","-3.3","","-6.7","","77","","36","","4","","24.1","","98.04","","","","-5","","Cloudy"
"2012-02-29 18:00","2012","02","29","18:00"," ","-4.7","","-7.3","","82","","27","","6","","24.1","","98.09","","","","-7","","Mostly Cloudy"
"2012-02-29 19:00","2012","02","29","19:00"," ","-5.6","","-7.6","","86","","","","0","","24.1","","98.11","","","","","","Mostly Cloudy"
"2012-02-29 20:00","2012","02","29","20:00"," ","-6.5","","-7.9","","90","","18","","9","","24.1","","98.11","","","","-11","","Mostly Cloudy"
"2012-02-29 21:00","2012","02","29","21:00"," ","-6.2","","-7.6","","90","","23","","11","","24.1","","98.11","","","","-11","","Mostly Cloudy"
"2012-02-29 22:00","2012","02","29","22:00"," ","-7.0","","-8.2","","91","","","","0","","24.1","","98.07","","","","","","Cloudy"
"2012-02-29 23:00","2012","02","29","23:00"," ","-6.5","","-7.6","","92","","31","","6","","24.1","","98.06","","","","-9","","Cloudy"
